{"v":"5.6.5","fr":25,"ip":0,"op":51,"w":200,"h":200,"nm":"Pre-comp 1","ddd":0,"assets":[{"id":"image_0","w":206,"h":22,"u":"images/","p":"img_0.png","e":0},{"id":"image_1","w":55,"h":21,"u":"images/","p":"img_1.png","e":0},{"id":"comp_0","layers":[{"ddd":0,"ind":1,"ty":2,"nm":"Layer 1","refId":"image_0","sr":1,"ks":{"o":{"a":0,"k":100,"ix":11},"r":{"a":0,"k":0,"ix":10},"p":{"a":0,"k":[125.874,114.405,0],"ix":2},"a":{"a":0,"k":[102.854,10.938,0],"ix":1},"s":{"a":0,"k":[100,100,100],"ix":6}},"ao":0,"ip":0,"op":1750,"st":0,"bm":0}]}],"fonts":{"list":[{"fName":"ScriptMTBold","fFamily":"Script MT Bold","fStyle":"Regular","ascent":71.7229614257813},{"fName":"Roboto-Bold","fFamily":"Roboto","fStyle":"Bold","ascent":76}]},"layers":[{"ddd":0,"ind":1,"ty":5,"nm":". 3","sr":1,"ks":{"o":{"a":0,"k":100,"ix":11},"r":{"a":0,"k":0,"ix":10},"p":{"a":0,"k":[132.25,146.375,0],"ix":2},"a":{"a":0,"k":[0,0,0],"ix":1},"s":{"a":0,"k":[100,100,100],"ix":6}},"ao":0,"t":{"d":{"k":[{"s":{"s":22,"f":"Roboto-Bold","t":".","j":2,"tr":0,"lh":26.4,"ls":0,"fc":[0.996,0.635,0.075],"sc":[0.82,0.835,0.831],"sw":1,"of":false},"t":0}]},"p":{},"m":{"g":1,"a":{"a":0,"k":[0,0],"ix":2}},"a":[]},"ip":15,"op":1765,"st":15,"bm":0},{"ddd":0,"ind":2,"ty":5,"nm":". 2","sr":1,"ks":{"o":{"a":0,"k":100,"ix":11},"r":{"a":0,"k":0,"ix":10},"p":{"a":0,"k":[124.375,146.375,0],"ix":2},"a":{"a":0,"k":[0,0,0],"ix":1},"s":{"a":0,"k":[100,100,100],"ix":6}},"ao":0,"t":{"d":{"k":[{"s":{"s":22,"f":"Roboto-Bold","t":".","j":2,"tr":0,"lh":26.4,"ls":0,"fc":[0.996,0.635,0.075],"sc":[0.82,0.835,0.831],"sw":1,"of":false},"t":0}]},"p":{},"m":{"g":1,"a":{"a":0,"k":[0,0],"ix":2}},"a":[]},"ip":10,"op":1760,"st":10,"bm":0},{"ddd":0,"ind":3,"ty":5,"nm":".","sr":1,"ks":{"o":{"a":0,"k":100,"ix":11},"r":{"a":0,"k":0,"ix":10},"p":{"a":0,"k":[116.875,146.375,0],"ix":2},"a":{"a":0,"k":[0,0,0],"ix":1},"s":{"a":0,"k":[100,100,100],"ix":6}},"ao":0,"t":{"d":{"k":[{"s":{"s":22,"f":"Roboto-Bold","t":".","j":2,"tr":0,"lh":26.4,"ls":0,"fc":[0.996,0.635,0.075],"sc":[0.82,0.835,0.831],"sw":1,"of":false},"t":0}]},"p":{},"m":{"g":1,"a":{"a":0,"k":[0,0],"ix":2}},"a":[]},"ip":6,"op":1756,"st":6,"bm":0},{"ddd":0,"ind":4,"ty":5,"nm":". 4","sr":1,"ks":{"o":{"a":0,"k":100,"ix":11},"r":{"a":0,"k":0,"ix":10},"p":{"a":0,"k":[108.75,146.375,0],"ix":2},"a":{"a":0,"k":[0,0,0],"ix":1},"s":{"a":0,"k":[100,100,100],"ix":6}},"ao":0,"t":{"d":{"k":[{"s":{"s":22,"f":"Roboto-Bold","t":".","j":2,"tr":0,"lh":26.4,"ls":0,"fc":[0.996,0.635,0.075],"sc":[0.82,0.835,0.831],"sw":1,"of":false},"t":0}]},"p":{},"m":{"g":1,"a":{"a":0,"k":[0,0],"ix":2}},"a":[]},"ip":3,"op":1753,"st":3,"bm":0},{"ddd":0,"ind":5,"ty":5,"nm":"Cooking ","sr":1,"ks":{"o":{"a":0,"k":100,"ix":11},"r":{"a":0,"k":0,"ix":10},"p":{"a":1,"k":[{"i":{"x":0.833,"y":0.833},"o":{"x":0.167,"y":0.167},"t":0,"s":[101,147,0],"to":[-2.375,0,0],"ti":[2.375,0,0]},{"t":4,"s":[86.75,147,0]}],"ix":2},"a":{"a":0,"k":[0,0,0],"ix":1},"s":{"a":0,"k":[20.217,20.217,100],"ix":6}},"ao":0,"t":{"d":{"k":[{"s":{"s":55,"f":"ScriptMTBold","t":"Cooking ","j":2,"tr":0,"lh":66,"ls":0,"fc":[0.996,0.635,0.075],"sc":[0.82,0.835,0.831],"sw":1,"of":false},"t":0}]},"p":{},"m":{"g":1,"a":{"a":0,"k":[0,0],"ix":2}},"a":[]},"ip":0,"op":1750,"st":0,"bm":0},{"ddd":0,"ind":6,"ty":4,"nm":"Shape Layer 1","sr":1,"ks":{"o":{"a":0,"k":100,"ix":11},"r":{"a":0,"k":0,"ix":10},"p":{"a":0,"k":[87,128,0],"ix":2},"a":{"a":0,"k":[-13.5,18.5,0],"ix":1},"s":{"a":0,"k":[100,100,100],"ix":6}},"ao":0,"ef":[{"ty":21,"nm":"Fill","np":9,"mn":"ADBE Fill","ix":1,"en":1,"ef":[{"ty":10,"nm":"Fill Mask","mn":"ADBE Fill-0001","ix":1,"v":{"a":0,"k":0,"ix":1}},{"ty":7,"nm":"All Masks","mn":"ADBE Fill-0007","ix":2,"v":{"a":0,"k":0,"ix":2}},{"ty":2,"nm":"Color","mn":"ADBE Fill-0002","ix":3,"v":{"a":0,"k":[0.874509811401,0.874509811401,0.874509811401,1],"ix":3}},{"ty":7,"nm":"Invert","mn":"ADBE Fill-0006","ix":4,"v":{"a":0,"k":0,"ix":4}},{"ty":0,"nm":"Horizontal Feather","mn":"ADBE Fill-0003","ix":5,"v":{"a":0,"k":0,"ix":5}},{"ty":0,"nm":"Vertical Feather","mn":"ADBE Fill-0004","ix":6,"v":{"a":0,"k":0,"ix":6}},{"ty":0,"nm":"Opacity","mn":"ADBE Fill-0005","ix":7,"v":{"a":0,"k":1,"ix":7}}]}],"shapes":[{"ty":"gr","it":[{"ind":0,"ty":"sh","ix":1,"ks":{"a":0,"k":{"i":[[0,0],[0,0]],"o":[[0,0],[0,0]],"v":[[-37.5,18.5],[10.5,18.5]],"c":false},"ix":2},"nm":"Path 1","mn":"ADBE Vector Shape - Group","hd":false},{"ty":"st","c":{"a":0,"k":[0.611764705882,0.611764705882,0.611764705882,1],"ix":3},"o":{"a":0,"k":100,"ix":4},"w":{"a":0,"k":4,"ix":5},"lc":2,"lj":2,"bm":0,"nm":"Stroke 1","mn":"ADBE Vector Graphic - Stroke","hd":false},{"ty":"tr","p":{"a":0,"k":[0,0],"ix":2},"a":{"a":0,"k":[0,0],"ix":1},"s":{"a":0,"k":[100,100],"ix":3},"r":{"a":0,"k":0,"ix":6},"o":{"a":0,"k":100,"ix":7},"sk":{"a":0,"k":0,"ix":4},"sa":{"a":0,"k":0,"ix":5},"nm":"Transform"}],"nm":"Shape 1","np":3,"cix":2,"bm":0,"ix":1,"mn":"ADBE Vector Group","hd":false},{"ty":"tm","s":{"a":1,"k":[{"i":{"x":[0.667],"y":[1]},"o":{"x":[0.333],"y":[0]},"t":0,"s":[22]},{"i":{"x":[0.667],"y":[1]},"o":{"x":[0.333],"y":[0]},"t":19,"s":[0]},{"i":{"x":[0.667],"y":[1]},"o":{"x":[0.333],"y":[0]},"t":37,"s":[5]},{"t":51,"s":[0]}],"ix":1},"e":{"a":1,"k":[{"i":{"x":[0.667],"y":[1]},"o":{"x":[0.333],"y":[0]},"t":0,"s":[76]},{"i":{"x":[0.667],"y":[1]},"o":{"x":[0.333],"y":[0]},"t":19,"s":[100]},{"i":{"x":[0.667],"y":[1]},"o":{"x":[0.333],"y":[0]},"t":37,"s":[76]},{"t":51,"s":[100]}],"ix":2},"o":{"a":0,"k":0,"ix":3},"m":1,"ix":2,"nm":"Trim Paths 1","mn":"ADBE Vector Filter - Trim","hd":false}],"ip":0,"op":1750,"st":0,"bm":0},{"ddd":0,"ind":7,"ty":0,"nm":"loading animation","refId":"comp_0","sr":1,"ks":{"o":{"a":0,"k":100,"ix":11},"r":{"a":1,"k":[{"i":{"x":[0.667],"y":[1]},"o":{"x":[0.333],"y":[0]},"t":0,"s":[10]},{"i":{"x":[0.667],"y":[1]},"o":{"x":[0.333],"y":[0]},"t":5,"s":[14]},{"i":{"x":[0.667],"y":[1]},"o":{"x":[0.333],"y":[0]},"t":11,"s":[14]},{"i":{"x":[0.667],"y":[1]},"o":{"x":[0.333],"y":[0]},"t":19,"s":[0]},{"i":{"x":[0.667],"y":[1]},"o":{"x":[0.333],"y":[0]},"t":26,"s":[0]},{"i":{"x":[0.667],"y":[1]},"o":{"x":[0.333],"y":[0]},"t":39,"s":[-6]},{"t":45,"s":[9]}],"ix":10,"x":"var $bm_rt;\n$bm_rt = loopOut();"},"p":{"a":1,"k":[{"i":{"x":0.667,"y":0.667},"o":{"x":0.333,"y":0.333},"t":0,"s":[104.75,101,0],"to":[0,0,0],"ti":[0,0,0]},{"i":{"x":0.667,"y":1},"o":{"x":0.333,"y":0},"t":5,"s":[104.75,101,0],"to":[0,0.458,0],"ti":[0,-0.792,0]},{"i":{"x":0.667,"y":1},"o":{"x":0.333,"y":0},"t":11,"s":[104.75,103.75,0],"to":[0,0.792,0],"ti":[0,-0.333,0]},{"i":{"x":0.667,"y":0.667},"o":{"x":0.333,"y":0.333},"t":19,"s":[104.75,105.75,0],"to":[0,0,0],"ti":[0,0,0]},{"i":{"x":0.667,"y":1},"o":{"x":0.333,"y":0},"t":26,"s":[104.75,105.75,0],"to":[-0.25,1.125,0],"ti":[1.333,-1.333,0]},{"i":{"x":0,"y":1},"o":{"x":0.889,"y":0},"t":32,"s":[103.25,112.5,0],"to":[-1.333,1.333,0],"ti":[-0.263,1.905,0]},{"i":{"x":0.194,"y":1},"o":{"x":1,"y":0.117},"t":39,"s":[96.75,113.75,0],"to":[0.263,-1.905,0],"ti":[-1.346,2.114,0]},{"t":49,"s":[104.829,101.069,0]}],"ix":2,"x":"var $bm_rt;\n$bm_rt = loopOut();"},"a":{"a":0,"k":[122.5,116,0],"ix":1},"s":{"a":0,"k":[50.87,50.87,100],"ix":6}},"ao":0,"w":245,"h":232,"ip":0,"op":1750,"st":0,"bm":0},{"ddd":0,"ind":8,"ty":2,"nm":"Layer 2/loading animation.ai","cl":"ai","refId":"image_1","sr":1,"ks":{"o":{"a":0,"k":100,"ix":11},"r":{"a":1,"k":[{"i":{"x":[0.667],"y":[1]},"o":{"x":[1],"y":[0]},"t":0,"s":[11]},{"i":{"x":[0.667],"y":[1]},"o":{"x":[0.333],"y":[0]},"t":5,"s":[129]},{"i":{"x":[0.667],"y":[1.005]},"o":{"x":[0.333],"y":[0]},"t":11,"s":[179]},{"i":{"x":[0.667],"y":[1]},"o":{"x":[0.333],"y":[-0.014]},"t":14.425,"s":[218.5]},{"i":{"x":[0.667],"y":[1]},"o":{"x":[0.333],"y":[0]},"t":19,"s":[258]},{"i":{"x":[0.667],"y":[1]},"o":{"x":[0.333],"y":[0]},"t":26,"s":[350]},{"i":{"x":[0.667],"y":[0.5]},"o":{"x":[0.333],"y":[0]},"t":32,"s":[368]},{"i":{"x":[0.667],"y":[0.982]},"o":{"x":[0.333],"y":[0.047]},"t":41,"s":[371.5]},{"i":{"x":[0.667],"y":[1]},"o":{"x":[0.333],"y":[-0.006]},"t":48,"s":[400.76]},{"t":50,"s":[375]}],"ix":10},"p":{"a":1,"k":[{"i":{"x":0.667,"y":1},"o":{"x":1,"y":0},"t":0,"s":[75.5,93.5,0],"to":[0.208,-4.292,0],"ti":[-3.917,5.583,0]},{"i":{"x":0.667,"y":1},"o":{"x":0.333,"y":0},"t":5,"s":[76.75,67.75,0],"to":[3.917,-5.583,0],"ti":[-7.167,-0.333,0]},{"i":{"x":0.667,"y":1},"o":{"x":0.333,"y":0},"t":11,"s":[99,60,0],"to":[3.319,0.154,0],"ti":[-4.068,-1.334,0]},{"i":{"x":0.667,"y":1},"o":{"x":0.333,"y":0.022},"t":14.425,"s":[111.054,62.152,0],"to":[4.717,1.547,0],"ti":[-0.067,-3.602,0]},{"i":{"x":0.667,"y":1},"o":{"x":0.333,"y":0},"t":19,"s":[119.75,69.75,0],"to":[0.125,6.708,0],"ti":[6.042,-6.667,0]},{"i":{"x":0.667,"y":1},"o":{"x":0.333,"y":0},"t":26,"s":[99.75,100.25,0],"to":[-6.042,6.667,0],"ti":[6.833,-2.333,0]},{"i":{"x":0.667,"y":1},"o":{"x":0.333,"y":0},"t":32,"s":[83.5,109.75,0],"to":[-6.833,2.333,0],"ti":[3.5,-0.5,0]},{"i":{"x":0.667,"y":1},"o":{"x":0.333,"y":0},"t":39,"s":[58.75,114.25,0],"to":[-3.5,0.5,0],"ti":[-2.208,4.042,0]},{"i":{"x":0.667,"y":1},"o":{"x":0.333,"y":0},"t":41,"s":[62.5,112.75,0],"to":[2.208,-4.042,0],"ti":[-1.583,3.792,0]},{"t":47,"s":[72,90,0]}],"ix":2},"a":{"a":0,"k":[27.5,10.5,0],"ix":1},"s":{"a":0,"k":[52.381,52.381,100],"ix":6}},"ao":0,"ip":0,"op":1750,"st":0,"bm":0}],"markers":[],"chars":[{"ch":"C","size":55,"style":"Regular","w":56.3,"data":{"shapes":[{"ty":"gr","it":[{"ind":0,"ty":"sh","ix":1,"ks":{"a":0,"k":{"i":[[0,0],[3.027,-1.75],[3.776,0],[3.857,4.362],[0,6.804],[-2.295,5.925],[-3.435,3.777],[-3.027,0],[-1.254,-1.595],[0,-2.702],[2.229,-3.255],[2.604,0],[1.041,1.921],[0,-1.758],[-1.628,-1.302],[-2.539,0],[-3.597,4.314],[0,5.892],[2.979,2.832],[4.72,0],[5.843,-4.134],[3.613,-6.901],[0,-7.649],[-4.997,-4.899],[-7.813,0],[-7.715,7.976]],"o":[[-3.255,3.727],[-3.027,1.75],[-5.957,0],[-3.857,-4.362],[0,-5.338],[2.295,-5.924],[3.434,-3.776],[2.083,0],[1.253,1.595],[0,3.874],[-2.23,3.255],[-1.823,0],[-1.4,1.498],[0,2.051],[1.627,1.302],[4.817,0],[3.596,-4.313],[0,-4.524],[-2.979,-2.832],[-5.632,0],[-5.843,4.134],[-3.613,6.902],[0,7.683],[4.996,4.9],[10.905,0],[0,0]],"v":[[57.422,-16.357],[47.998,-8.142],[37.793,-5.518],[23.071,-12.061],[17.285,-28.809],[20.728,-45.703],[29.321,-60.254],[39.014,-65.918],[44.019,-63.525],[45.898,-57.08],[42.554,-46.387],[35.303,-41.504],[31.006,-44.385],[28.906,-39.502],[31.348,-34.473],[37.598,-32.52],[50.22,-38.989],[55.615,-54.297],[51.147,-65.332],[39.6,-69.58],[22.388,-63.379],[8.203,-46.826],[2.783,-25],[10.278,-6.128],[29.492,1.221],[57.422,-10.742]],"c":true},"ix":2},"nm":"C","mn":"ADBE Vector Shape - Group","hd":false}],"nm":"C","np":3,"cix":2,"bm":0,"ix":1,"mn":"ADBE Vector Group","hd":false}]},"fFamily":"Script MT Bold"},{"ch":"o","size":55,"style":"Regular","w":43.8,"data":{"shapes":[{"ty":"gr","it":[{"ind":0,"ty":"sh","ix":1,"ks":{"a":0,"k":{"i":[[0,0],[2.18,0],[1.66,1.53],[0,6.087],[0.293,0.814],[1.286,0.603],[2.766,0],[5.273,-5.322],[0,-7.422],[-2.344,-2.832],[-3.777,0],[-4.688,7.097],[-2.344,0],[-1.563,0.603],[-1.66,1.465]],"o":[[-3.418,3.809],[-1.823,0],[3.32,-8.854],[0,-1.237],[-0.293,-0.813],[-1.286,-0.602],[-7.324,0],[-5.273,5.322],[0,4.688],[2.344,2.832],[6.055,0],[2.311,1.823],[0.911,0],[1.563,-0.602],[0,0]],"v":[[44.922,-16.406],[36.523,-10.693],[31.299,-12.988],[36.279,-35.4],[35.84,-38.477],[33.472,-40.601],[27.393,-41.504],[8.496,-33.521],[0.586,-14.404],[4.102,-3.125],[13.281,1.123],[29.395,-9.521],[36.377,-6.787],[40.088,-7.69],[44.922,-10.791]],"c":true},"ix":2},"nm":"o","mn":"ADBE Vector Shape - Group","hd":false},{"ind":1,"ty":"sh","ix":2,"ks":{"a":0,"k":{"i":[[0,-5.208],[-3.06,-3.841],[2.311,0],[1.041,1.823],[0,3.288],[-2.393,4.427],[-4.232,0],[-0.488,-0.195]],"o":[[0,4.427],[-2.702,4.265],[-1.855,0],[-1.042,-1.823],[0,-5.924],[2.393,-4.427],[0.911,0],[-4.525,3.777]],"v":[[22.021,-24.609],[26.611,-12.207],[19.092,-5.811],[14.746,-8.545],[13.184,-16.211],[16.772,-31.738],[26.709,-38.379],[28.809,-38.086]],"c":true},"ix":2},"nm":"o","mn":"ADBE Vector Shape - Group","hd":false}],"nm":"o","np":5,"cix":2,"bm":0,"ix":1,"mn":"ADBE Vector Group","hd":false}]},"fFamily":"Script MT Bold"},{"ch":"k","size":55,"style":"Regular","w":47.9,"data":{"shapes":[{"ty":"gr","it":[{"ind":0,"ty":"sh","ix":1,"ks":{"a":0,"k":{"i":[[0,0],[1.66,-1.27],[1.302,0],[0,1.986],[0,0],[3.809,0.879],[0,5.404],[1.92,1.546],[3.027,0],[2.766,-0.813],[-1.921,3.435],[0,2.898],[0.748,1.563],[0.781,0],[3.385,-1.057],[4.655,-1.888],[2.637,-8.887],[0,-9.766],[-0.423,-2.473],[0,0],[-0.13,2.344],[-0.391,2.962],[-0.521,0.684],[-0.847,0.945],[-0.781,0.684],[-0.749,0.423],[-0.781,0.195],[-0.814,0],[-0.961,-0.862],[0,-1.334],[1.758,-1.383],[3.58,-0.098],[0.471,-0.439],[0,-1.106],[-1.693,-0.049],[0,-1.497],[0.391,-2.278],[0,-1.139],[-1.595,-1.643],[-2.344,0],[-7.39,8.073]],"o":[[-2.995,3.581],[-1.66,1.27],[-1.855,0],[0,0],[0,-3.58],[9.733,-2.539],[0,-2.376],[-1.921,-1.546],[-1.823,0],[4.036,-4.85],[1.92,-3.434],[0,-1.725],[-0.749,-1.563],[-0.391,0],[-3.386,1.058],[-5.99,9.375],[-2.637,8.887],[0,3.581],[0,0],[-0.098,-2.962],[0.13,-2.506],[0.781,-5.729],[1.009,-1.302],[0.879,-0.977],[0.813,-0.651],[0.716,-0.391],[0.748,-0.195],[1.497,0],[0.96,0.863],[0,1.888],[-1.758,1.384],[-1.302,0],[-0.472,0.439],[0,1.27],[1.692,0.049],[0,0.293],[-0.391,2.279],[0,2.409],[1.595,1.643],[4.883,0],[0,0]],"v":[[49.023,-16.504],[42.041,-9.229],[37.598,-7.324],[34.814,-10.303],[35.107,-14.697],[29.395,-21.387],[43.994,-33.301],[41.113,-39.185],[33.691,-41.504],[26.807,-40.283],[35.742,-52.71],[38.623,-62.207],[37.5,-67.139],[35.205,-69.482],[29.541,-67.896],[17.48,-63.477],[4.541,-36.084],[0.586,-8.105],[1.221,0.977],[12.305,-0.879],[12.354,-8.838],[13.135,-17.041],[15.088,-26.66],[17.871,-30.029],[20.361,-32.52],[22.705,-34.131],[24.951,-35.01],[27.295,-35.303],[30.981,-34.009],[32.422,-30.713],[29.785,-25.806],[21.777,-23.584],[19.116,-22.925],[18.408,-20.605],[20.947,-18.628],[23.486,-16.309],[22.9,-12.451],[22.314,-7.324],[24.707,-1.245],[30.615,1.221],[49.023,-10.889]],"c":true},"ix":2},"nm":"k","mn":"ADBE Vector Shape - Group","hd":false},{"ind":1,"ty":"sh","ix":2,"ks":{"a":0,"k":{"i":[[-2.621,4.753],[-2.019,0],[0,-2.018],[9.538,-10.742],[0,0]],"o":[[2.62,-4.752],[1.758,0],[0,4.395],[0,0],[2.669,-10.026]],"v":[[24.927,-56.592],[31.885,-63.721],[34.521,-60.693],[20.215,-37.988],[16.992,-34.424]],"c":true},"ix":2},"nm":"k","mn":"ADBE Vector Shape - Group","hd":false}],"nm":"k","np":5,"cix":2,"bm":0,"ix":1,"mn":"ADBE Vector Group","hd":false}]},"fFamily":"Script MT Bold"},{"ch":"i","size":55,"style":"Regular","w":24.02,"data":{"shapes":[{"ty":"gr","it":[{"ind":0,"ty":"sh","ix":1,"ks":{"a":0,"k":{"i":[[1.758,0],[2.571,1.595],[1.888,-2.864],[-2.8,0],[0,7.813]],"o":[[-1.563,0],[-1.042,3.581],[1.985,1.693],[5.762,0],[-1.726,1.27]],"v":[[18.896,-58.594],[12.695,-60.986],[8.301,-51.318],[15.479,-48.779],[24.121,-60.498]],"c":true},"ix":2},"nm":"i","mn":"ADBE Vector Shape - Group","hd":false},{"ind":1,"ty":"sh","ix":2,"ks":{"a":0,"k":{"i":[[0,0],[1.286,-0.928],[1.27,0],[0.471,0.668],[0,1.074],[-2.019,6.316],[0,0],[0,0],[0,0],[0,-6.934],[-1.433,-2.132],[-2.084,0],[-7.617,8.008]],"o":[[-2.767,3.093],[-1.286,0.928],[-0.716,0],[-0.472,-0.667],[0,-2.702],[0,0],[0,0],[0,0],[-4.688,12.273],[0,3.223],[1.432,2.132],[3.776,0],[0,0]],"v":[[25.098,-16.406],[19.019,-10.376],[15.186,-8.984],[13.403,-9.985],[12.695,-12.598],[15.723,-26.123],[20.605,-41.406],[20.02,-41.406],[7.617,-38.818],[0.586,-10.01],[2.734,-1.978],[8.008,1.221],[25.098,-10.791]],"c":true},"ix":2},"nm":"i","mn":"ADBE Vector Shape - Group","hd":false}],"nm":"i","np":5,"cix":2,"bm":0,"ix":1,"mn":"ADBE Vector Group","hd":false}]},"fFamily":"Script MT Bold"},{"ch":"n","size":55,"style":"Regular","w":47.9,"data":{"shapes":[{"ty":"gr","it":[{"ind":0,"ty":"sh","ix":1,"ks":{"a":0,"k":{"i":[[0,0],[2.382,0],[0,1.959],[-1.92,4.916],[0,3.121],[1.105,1.251],[1.657,0],[3.136,-2.295],[5.334,-5.957],[-2.507,6.738],[0,0],[1.221,-4.688],[0,-5.241],[-0.359,-4.395],[0,0],[-0.098,1.726],[-0.488,2.767],[-1.205,1.465],[0,0],[-0.879,0.912],[-0.814,0.749],[-0.684,0.456],[-0.456,0],[0,-1.041],[1.53,-3.841],[0,-3.483],[-1.335,-1.53],[-2.181,0],[-7.52,7.943]],"o":[[-5.32,6.283],[-1.599,0],[0,-1.469],[2.798,-7.162],[0,-1.885],[-1.105,-1.251],[-2.437,0],[-3.136,2.295],[0.781,-3.873],[0,0],[-2.702,5.859],[-1.221,4.688],[0,2.148],[0,0],[0,-2.93],[0.163,-2.311],[0.293,-1.627],[0,0],[1.009,-1.172],[1.009,-1.074],[0.911,-0.813],[0.748,-0.455],[0.813,0],[0,1.042],[-2.865,7.162],[0,2.572],[1.334,1.53],[5.371,0],[0,0]],"v":[[49.023,-16.406],[37.47,-6.982],[35.072,-9.921],[37.952,-19.497],[42.149,-34.921],[40.492,-39.626],[36.349,-41.504],[27.989,-38.062],[15.283,-25.684],[20.215,-41.602],[8.301,-39.307],[2.417,-23.486],[0.586,-8.594],[1.123,1.221],[11.914,-1.318],[12.061,-8.301],[13.037,-15.918],[15.283,-20.557],[18.018,-23.73],[20.85,-26.855],[23.584,-29.59],[25.977,-31.494],[27.783,-32.178],[29.004,-30.615],[26.709,-23.291],[22.412,-7.324],[24.414,-1.172],[29.688,1.123],[49.023,-10.791]],"c":true},"ix":2},"nm":"n","mn":"ADBE Vector Shape - Group","hd":false}],"nm":"n","np":3,"cix":2,"bm":0,"ix":1,"mn":"ADBE Vector Group","hd":false}]},"fFamily":"Script MT Bold"},{"ch":"g","size":55,"style":"Regular","w":47.9,"data":{"shapes":[{"ty":"gr","it":[{"ind":0,"ty":"sh","ix":1,"ks":{"a":0,"k":{"i":[[0,0],[4.393,-1.66],[0,0],[-1.266,3.841],[0,0],[0,0],[1.464,-0.52],[3.156,0],[5.06,-5.811],[0,-6.641],[-1.726,-2.539],[-2.702,0],[-2.279,1.644],[-3.125,3.516],[0,0],[3.108,-2.767],[0,-3.484],[-1.563,-1.595],[-2.541,0],[-4.152,4.558],[-2.702,8.432],[-4.132,4.328]],"o":[[-4.621,5.469],[0,0],[0.682,-3.645],[0,0],[0,0],[-2.344,1.042],[-2.441,-2.669],[-5.695,0],[-5.061,5.811],[0,4.07],[1.725,2.539],[2.311,0],[2.278,-1.643],[0,0],[-7.455,2.571],[-3.109,2.766],[0,2.604],[1.563,1.595],[4.655,0],[4.151,-4.558],[5.759,-2.05],[0,0]],"v":[[49.023,-16.406],[35.503,-5.713],[40.081,-30.176],[43.004,-41.406],[41.881,-41.406],[38.416,-39.844],[32.704,-37.5],[24.309,-41.504],[8.176,-32.788],[0.586,-14.111],[3.174,-4.199],[9.814,-0.391],[16.699,-2.856],[24.805,-10.596],[22.705,-0.977],[6.86,7.031],[2.197,16.406],[4.541,22.705],[10.696,25.098],[23.907,18.261],[34.187,-1.224],[49.023,-10.791]],"c":true},"ix":2},"nm":"g","mn":"ADBE Vector Shape - Group","hd":false},{"ind":1,"ty":"sh","ix":2,"ks":{"a":0,"k":{"i":[[0.928,1.318],[0,2.246],[-2.572,4.655],[-3.451,0],[-0.765,-0.993],[0,-1.53],[0.993,-4.199],[1.79,-2.734],[2.311,0]],"o":[[-0.928,-1.318],[0,-4.817],[2.571,-4.655],[1.139,0],[0.764,0.993],[0,1.628],[-0.993,4.199],[-1.791,2.734],[-1.53,0]],"v":[[13.892,-11.157],[12.5,-16.504],[16.357,-30.713],[25.391,-37.695],[28.247,-36.206],[29.395,-32.422],[27.905,-23.682],[23.73,-13.281],[17.578,-9.18]],"c":true},"ix":2},"nm":"g","mn":"ADBE Vector Shape - Group","hd":false},{"ind":2,"ty":"sh","ix":3,"ks":{"a":0,"k":{"i":[[1.725,-2.962],[2.344,0],[0.879,0.928],[0,1.465],[-10.515,3.776]],"o":[[-1.726,2.962],[-1.367,0],[-0.879,-0.928],[0,-4.948],[-1.595,6.12]],"v":[[16.699,16.943],[10.596,21.387],[7.227,19.995],[5.908,16.406],[21.68,3.32]],"c":true},"ix":2},"nm":"g","mn":"ADBE Vector Shape - Group","hd":false}],"nm":"g","np":6,"cix":2,"bm":0,"ix":1,"mn":"ADBE Vector Group","hd":false}]},"fFamily":"Script MT Bold"},{"ch":" ","size":55,"style":"Regular","w":25,"data":{},"fFamily":"Script MT Bold"},{"ch":".","size":22,"style":"Bold","w":29.05,"data":{"shapes":[{"ty":"gr","it":[{"ind":0,"ty":"sh","ix":1,"ks":{"a":0,"k":{"i":[[-1.498,-1.383],[-2.312,0],[-1.498,1.384],[0,2.214],[1.514,1.4],[2.311,0],[1.514,-1.399],[0,-2.246]],"o":[[1.497,1.384],[2.344,0],[1.497,-1.383],[0,-2.246],[-1.514,-1.399],[-2.279,0],[-1.514,1.4],[0,2.214]],"v":[[8.398,-1.538],[14.111,0.537],[19.873,-1.538],[22.119,-6.934],[19.849,-12.402],[14.111,-14.502],[8.423,-12.402],[6.152,-6.934]],"c":true},"ix":2},"nm":".","mn":"ADBE Vector Shape - Group","hd":false}],"nm":".","np":3,"cix":2,"bm":0,"ix":1,"mn":"ADBE Vector Group","hd":false}]},"fFamily":"Roboto"}]}