{"v":"5.5.10","fr":60,"ip":0,"op":219,"w":750,"h":750,"nm":"MAIN COMP_V2","ddd":0,"assets":[{"id":"comp_0","layers":[{"ddd":0,"ind":1,"ty":0,"nm":"House_3D_GRADIENT","refId":"comp_1","sr":1,"ks":{"o":{"a":1,"k":[{"i":{"x":[0.667],"y":[1]},"o":{"x":[0.167],"y":[0.167]},"t":47,"s":[0]},{"i":{"x":[0.667],"y":[1]},"o":{"x":[0.333],"y":[0]},"t":66,"s":[100]},{"i":{"x":[0.833],"y":[0.833]},"o":{"x":[0.333],"y":[0]},"t":145,"s":[100]},{"t":160,"s":[0]}],"ix":11},"r":{"a":0,"k":0,"ix":10},"p":{"s":true,"x":{"a":0,"k":375,"ix":3},"y":{"a":1,"k":[{"i":{"x":[0.22],"y":[1]},"o":{"x":[0.167],"y":[0]},"t":51,"s":[581]},{"i":{"x":[0.833],"y":[1]},"o":{"x":[1],"y":[0]},"t":104,"s":[455]},{"t":164,"s":[534]}],"ix":4}},"a":{"a":0,"k":[375,429,0],"ix":1},"s":{"a":1,"k":[{"i":{"x":[0.22,0.22,0.22],"y":[1,1,1]},"o":{"x":[0.167,0.167,0.167],"y":[0.167,0.167,15.345]},"t":45,"s":[0,0,100]},{"i":{"x":[0.833,0.833,0.833],"y":[1,1,1]},"o":{"x":[1,1,0.167],"y":[0,0,0]},"t":104,"s":[108,108,100]},{"t":164,"s":[25,25,100]}],"ix":6}},"ao":0,"tm":{"a":1,"k":[{"i":{"x":[0.658],"y":[1]},"o":{"x":[0.067],"y":[0.497]},"t":56,"s":[0.65]},{"t":161.7578125,"s":[2.683]}],"ix":2},"w":750,"h":750,"ip":0,"op":219,"st":0,"bm":0},{"ddd":0,"ind":2,"ty":4,"nm":"STAY Text Outlines","sr":1,"ks":{"o":{"a":0,"k":100,"ix":11},"r":{"a":0,"k":0,"ix":10},"p":{"s":true,"x":{"a":0,"k":214.702,"ix":3},"y":{"a":1,"k":[{"i":{"x":[0.18],"y":[1]},"o":{"x":[0.82],"y":[0]},"t":0,"s":[610.548]},{"i":{"x":[0.18],"y":[1]},"o":{"x":[0.82],"y":[0]},"t":109,"s":[189.969]},{"t":219,"s":[610.548]}],"ix":4}},"a":{"a":0,"k":[0,0,0],"ix":1},"s":{"a":0,"k":[100,100,100],"ix":6}},"ao":0,"shapes":[{"ty":"gr","it":[{"ind":0,"ty":"sh","ix":1,"ks":{"a":0,"k":{"i":[[-0.859,-1.649],[-1.42,-1.022],[-1.915,-0.495],[-2.047,0],[-1.584,0.232],[-1.386,0.661],[-0.925,1.156],[0,1.782],[1.22,1.188],[1.98,0.792],[2.507,0.594],[2.574,0.727],[2.507,0.958],[1.98,1.519],[1.22,2.277],[0,3.235],[-1.552,2.673],[-2.509,1.782],[-3.168,0.859],[-3.168,0],[-3.4,-0.824],[-2.641,-1.847],[-1.552,-2.871],[0,-4.091],[0,0],[0.758,1.386],[1.253,0.792],[1.616,0.331],[1.913,0],[1.253,-0.263],[1.022,-0.659],[0.659,-0.99],[0,-1.517],[-0.529,-0.857],[-1.552,-0.725],[-2.74,-0.725],[-4.423,-1.121],[-2.344,-0.693],[-2.311,-1.517],[-1.683,-2.54],[0,-3.96],[1.253,-2.772],[2.475,-2.012],[3.663,-1.121],[4.817,0],[3.663,0.956],[2.804,2.047],[1.649,3.168],[-0.067,4.356],[0,0]],"o":[[0.857,1.651],[1.418,1.024],[1.913,0.495],[1.386,0],[1.584,-0.23],[1.386,-0.659],[0.923,-1.154],[0,-1.913],[-1.222,-1.188],[-1.98,-0.792],[-2.509,-0.594],[-2.641,-0.659],[-2.509,-0.956],[-1.98,-1.517],[-1.222,-2.277],[0,-3.629],[1.55,-2.673],[2.507,-1.782],[3.168,-0.857],[3.695,0],[3.398,0.826],[2.639,1.849],[1.55,2.871],[0,0],[-0.133,-2.111],[-0.76,-1.386],[-1.255,-0.792],[-1.618,-0.329],[-1.255,0],[-1.255,0.265],[-1.024,0.661],[-0.661,0.99],[0,1.386],[0.527,0.859],[1.55,0.727],[2.738,0.727],[1.319,0.265],[2.342,0.693],[2.309,1.519],[1.683,2.542],[0,3.235],[-1.255,2.772],[-2.475,2.014],[-3.663,1.121],[-3.895,0],[-3.663,-0.956],[-2.806,-2.045],[-1.651,-3.168],[0,0],[0,2.376]],"v":[[-102.365,-17.424],[-98.95,-13.415],[-93.95,-11.137],[-88.01,-10.395],[-83.555,-10.742],[-79.1,-12.078],[-75.635,-14.801],[-74.249,-19.206],[-76.081,-23.859],[-80.882,-26.829],[-87.614,-28.908],[-95.237,-30.888],[-102.959,-33.314],[-109.691,-37.026],[-114.493,-42.719],[-116.324,-50.985],[-113.998,-60.439],[-107.909,-67.122],[-99.395,-71.082],[-89.891,-72.369],[-79.249,-71.132],[-70.19,-67.122],[-63.904,-60.044],[-61.577,-49.599],[-76.625,-49.599],[-77.962,-54.846],[-80.981,-58.113],[-85.288,-59.796],[-90.584,-60.291],[-94.346,-59.895],[-97.762,-58.509],[-100.286,-56.034],[-101.276,-52.272],[-100.484,-48.906],[-97.366,-46.53],[-90.931,-44.352],[-80.189,-41.58],[-74.695,-40.145],[-67.715,-36.828],[-61.726,-30.74],[-59.201,-20.988],[-61.082,-11.979],[-66.676,-4.801],[-75.883,-0.099],[-88.604,1.584],[-99.94,0.148],[-109.642,-4.356],[-116.324,-12.177],[-118.7,-23.463],[-103.652,-23.463]],"c":true},"ix":2},"nm":"S","mn":"ADBE Vector Shape - Group","hd":false},{"ind":1,"ty":"sh","ix":2,"ks":{"a":0,"k":{"i":[[0,0],[0,0],[0,0],[0,0],[0,0],[0,0],[0,0],[0,0]],"o":[[0,0],[0,0],[0,0],[0,0],[0,0],[0,0],[0,0],[0,0]],"v":[[-55.54,-57.618],[-55.54,-70.686],[2.376,-70.686],[2.376,-57.618],[-18.811,-57.618],[-18.811,0],[-34.354,0],[-34.354,-57.618]],"c":true},"ix":2},"nm":"T","mn":"ADBE Vector Shape - Group","hd":false},{"ind":2,"ty":"sh","ix":3,"ks":{"a":0,"k":{"i":[[0,0],[0,0],[0,0],[0,0]],"o":[[0,0],[0,0],[0,0],[0,0]],"v":[[37.52,-27.324],[28.61,-53.262],[28.412,-53.262],[19.205,-27.324]],"c":true},"ix":2},"nm":"A","mn":"ADBE Vector Shape - Group","hd":false},{"ind":3,"ty":"sh","ix":4,"ks":{"a":0,"k":{"i":[[0,0],[0,0],[0,0],[0,0],[0,0],[0,0],[0,0],[0,0]],"o":[[0,0],[0,0],[0,0],[0,0],[0,0],[0,0],[0,0],[0,0]],"v":[[36.629,-70.686],[63.062,0],[46.925,0],[41.579,-15.741],[15.146,-15.741],[9.602,0],[-6.04,0],[20.69,-70.686]],"c":true},"ix":2},"nm":"A 2","mn":"ADBE Vector Shape - Group","hd":false},{"ind":4,"ty":"sh","ix":5,"ks":{"a":0,"k":{"i":[[0,0],[0,0],[0,0],[0,0],[0,0],[0,0],[0,0],[0,0],[0,0]],"o":[[0,0],[0,0],[0,0],[0,0],[0,0],[0,0],[0,0],[0,0],[0,0]],"v":[[54.252,-70.686],[71.676,-70.686],[88.209,-42.768],[104.643,-70.686],[121.968,-70.686],[95.733,-27.126],[95.733,0],[80.19,0],[80.19,-27.522]],"c":true},"ix":2},"nm":"Y","mn":"ADBE Vector Shape - Group","hd":false},{"ty":"tr","p":{"a":0,"k":[0,0],"ix":2},"a":{"a":0,"k":[0,0],"ix":1},"s":{"a":0,"k":[100,100],"ix":3},"r":{"a":0,"k":0,"ix":6},"o":{"a":0,"k":100,"ix":7},"sk":{"a":0,"k":0,"ix":4},"sa":{"a":0,"k":0,"ix":5},"nm":"Transform"}],"nm":"S","np":5,"cix":2,"bm":0,"ix":1,"mn":"ADBE Vector Group","hd":false},{"ty":"fl","c":{"a":0,"k":[1,1,1,1],"ix":4},"o":{"a":0,"k":100,"ix":5},"r":1,"bm":0,"nm":"Fill 1","mn":"ADBE Vector Graphic - Fill","hd":false}],"ip":0,"op":219,"st":0,"bm":0},{"ddd":0,"ind":3,"ty":0,"nm":"Txt PRECOMP_WHITE_SOLID_No Expressions ","parent":2,"refId":"comp_2","sr":1,"ks":{"o":{"a":0,"k":100,"ix":11},"r":{"a":0,"k":0,"ix":10},"p":{"a":0,"k":[165.923,14,0],"ix":2},"a":{"a":0,"k":[375,375,0],"ix":1},"s":{"a":0,"k":[100,100,100],"ix":6}},"ao":0,"tm":{"a":1,"k":[{"i":{"x":[0.833],"y":[0.833]},"o":{"x":[0.167],"y":[0.167]},"t":213,"s":[0]},{"t":432,"s":[2.833]}],"ix":2},"w":750,"h":750,"ip":213,"op":461,"st":213,"bm":0},{"ddd":0,"ind":4,"ty":0,"nm":"Txt PRECOMP_WHITE_SOLID_No Expressions ","parent":2,"refId":"comp_2","sr":1,"ks":{"o":{"a":0,"k":100,"ix":11},"r":{"a":0,"k":0,"ix":10},"p":{"a":0,"k":[165.923,14,0],"ix":2},"a":{"a":0,"k":[375,375,0],"ix":1},"s":{"a":0,"k":[100,100,100],"ix":6}},"ao":0,"tm":{"a":1,"k":[{"i":{"x":[0.833],"y":[0.833]},"o":{"x":[0.167],"y":[0.167]},"t":-6,"s":[0]},{"t":213,"s":[2.833]}],"ix":2},"w":750,"h":750,"ip":-6,"op":213,"st":-6,"bm":0}]},{"id":"comp_1","layers":[{"ddd":0,"ind":1,"ty":4,"nm":"House","sr":1,"ks":{"o":{"a":0,"k":100,"ix":11},"r":{"a":0,"k":0,"ix":10},"p":{"a":0,"k":[375,427.09,0],"ix":2},"a":{"a":0,"k":[0,0,0],"ix":1},"s":{"a":0,"k":[51.03,51.03,100],"ix":6}},"ao":0,"shapes":[{"ty":"gr","it":[{"ty":"gr","it":[{"ind":0,"ty":"sh","ix":1,"ks":{"a":1,"k":[{"i":{"x":0.833,"y":0.833},"o":{"x":0.167,"y":0.167},"t":39,"s":[{"i":[[0,0],[0,0],[0,0],[0,0]],"o":[[0,0],[0,0],[0,0],[0,0]],"v":[[14.082,-257.684],[14.371,53.882],[-390.465,53.882],[-390.754,-257.684]],"c":false}]},{"i":{"x":0.833,"y":0.833},"o":{"x":0.167,"y":0.167},"t":99,"s":[{"i":[[0,0],[0,0],[0,0],[0,0]],"o":[[0,0],[0,0],[0,0],[0,0]],"v":[[283.741,-257.684],[284.147,53.882],[-283.335,53.882],[-283.741,-257.684]],"c":false}]},{"t":161,"s":[{"i":[[0,0],[0,0],[0,0],[0,0]],"o":[[0,0],[0,0],[0,0],[0,0]],"v":[[401.883,-257.684],[402.153,53.882],[24.788,53.882],[24.518,-257.684]],"c":false}]}],"ix":2},"nm":"Path 1","mn":"ADBE Vector Shape - Group","hd":false},{"ind":1,"ty":"sh","ix":2,"ks":{"a":1,"k":[{"i":{"x":0.833,"y":0.833},"o":{"x":0.167,"y":0.167},"t":39,"s":[{"i":[[0,0],[0,0],[0,0]],"o":[[0,0],[0,0],[0,0]],"v":[[-438.081,-216.654],[-188.394,-473.654],[57.013,-211.654]],"c":false}]},{"i":{"x":0.833,"y":0.833},"o":{"x":0.167,"y":0.167},"t":99,"s":[{"i":[[0,0],[0,0],[0,0]],"o":[[0,0],[0,0],[0,0]],"v":[[-350.081,-216.654],[-0.081,-473.654],[343.919,-211.654]],"c":false}]},{"t":161,"s":[{"i":[[0,0],[0,0],[0,0]],"o":[[0,0],[0,0],[0,0]],"v":[[-19.596,-216.654],[213.147,-473.654],[441.901,-211.654]],"c":false}]}],"ix":2},"nm":"Path 2","mn":"ADBE Vector Shape - Group","hd":false},{"ty":"tr","p":{"a":0,"k":[-3.919,194.654],"ix":2},"a":{"a":0,"k":[0,0],"ix":1},"s":{"a":0,"k":[100,100],"ix":3},"r":{"a":0,"k":0,"ix":6},"o":{"a":0,"k":100,"ix":7},"sk":{"a":0,"k":0,"ix":4},"sa":{"a":0,"k":0,"ix":5},"nm":"Transform"}],"nm":"Base","np":2,"cix":2,"bm":0,"ix":1,"mn":"ADBE Vector Group","hd":false},{"ty":"gr","it":[{"ty":"gr","it":[{"ind":0,"ty":"sh","ix":1,"ks":{"a":1,"k":[{"i":{"x":0.833,"y":0.833},"o":{"x":0.167,"y":0.167},"t":39,"s":[{"i":[[0,0],[0,0]],"o":[[0,0],[0,0]],"v":[[-160.345,-17.813],[221.11,-17.813]],"c":false}]},{"i":{"x":0.833,"y":0.833},"o":{"x":0.167,"y":0.167},"t":99,"s":[{"i":[[0,0],[0,0]],"o":[[0,0],[0,0]],"v":[[121.497,-17.813],[119.538,-17.813]],"c":false}]},{"t":161,"s":[{"i":[[0,0],[0,0]],"o":[[0,0],[0,0]],"v":[[217.519,-17.813],[215.56,-17.813]],"c":false}]}],"ix":2},"nm":"Path 1","mn":"ADBE Vector Shape - Group","hd":false},{"ty":"tr","p":{"a":0,"k":[0,0],"ix":2},"a":{"a":0,"k":[0,0],"ix":1},"s":{"a":0,"k":[100,100],"ix":3},"r":{"a":0,"k":0,"ix":6},"o":{"a":0,"k":100,"ix":7},"sk":{"a":0,"k":0,"ix":4},"sa":{"a":0,"k":0,"ix":5},"nm":"Transform"}],"nm":"Connector","np":1,"cix":2,"bm":0,"ix":1,"mn":"ADBE Vector Group","hd":false},{"ty":"gr","it":[{"ind":0,"ty":"sh","ix":1,"ks":{"a":1,"k":[{"i":{"x":0.833,"y":0.833},"o":{"x":0.167,"y":0.167},"t":39,"s":[{"i":[[0,0],[0,0]],"o":[[0,0],[0,0]],"v":[[-404.637,-278.762],[-14.352,-279.424]],"c":false}]},{"i":{"x":0.833,"y":0.833},"o":{"x":0.167,"y":0.167},"t":99,"s":[{"i":[[0,0],[0,0]],"o":[[0,0],[0,0]],"v":[[-219.519,-278.988],[-219.213,-278.988]],"c":false}]},{"t":161,"s":[{"i":[[0,0],[0,0]],"o":[[0,0],[0,0]],"v":[[-9.838,-278.553],[-9.532,-278.553]],"c":false}]}],"ix":2},"nm":"Path 1","mn":"ADBE Vector Shape - Group","hd":false},{"ty":"tr","p":{"a":0,"k":[0,0],"ix":2},"a":{"a":0,"k":[0,0],"ix":1},"s":{"a":0,"k":[100,100],"ix":3},"r":{"a":0,"k":0,"ix":6},"o":{"a":0,"k":100,"ix":7},"sk":{"a":0,"k":0,"ix":4},"sa":{"a":0,"k":0,"ix":5},"nm":"Transform"}],"nm":"Top Connector","np":1,"cix":2,"bm":0,"ix":2,"mn":"ADBE Vector Group","hd":false},{"ty":"gr","it":[{"ind":0,"ty":"sh","ix":1,"ks":{"a":1,"k":[{"i":{"x":0.833,"y":0.833},"o":{"x":0.167,"y":0.167},"t":39,"s":[{"i":[[0,0],[0,0],[0,0]],"o":[[0,0],[0,0],[0,0]],"v":[[184.811,-257.684],[185.087,53.882],[-200.521,53.882]],"c":false}]},{"i":{"x":0.833,"y":0.833},"o":{"x":0.167,"y":0.167},"t":99,"s":[{"i":[[0,0],[0,0],[0,0]],"o":[[0,0],[0,0],[0,0]],"v":[[68.181,-257.684],[68.587,53.882],[-498.895,53.882]],"c":false}]},{"t":161,"s":[{"i":[[0,0],[0,0],[0,0]],"o":[[0,0],[0,0],[0,0]],"v":[[185.759,-257.515],[186.165,54.051],[-498.895,53.882]],"c":false}]}],"ix":2},"nm":"Path 1","mn":"ADBE Vector Shape - Group","hd":false},{"ty":"tr","p":{"a":0,"k":[-3.919,194.654],"ix":2},"a":{"a":0,"k":[0,0],"ix":1},"s":{"a":0,"k":[100,100],"ix":3},"r":{"a":0,"k":0,"ix":6},"o":{"a":0,"k":100,"ix":7},"sk":{"a":0,"k":0,"ix":4},"sa":{"a":0,"k":0,"ix":5},"nm":"Transform"}],"nm":"Base","np":1,"cix":2,"bm":0,"ix":3,"mn":"ADBE Vector Group","hd":false},{"ty":"gr","it":[{"ind":0,"ty":"sh","ix":1,"ks":{"a":1,"k":[{"i":{"x":0.833,"y":0.833},"o":{"x":0.167,"y":0.167},"t":39,"s":[{"i":[[0,0],[0,0]],"o":[[0,0],[0,0]],"v":[[-11.967,-279],[220.865,-17.857]],"c":false}]},{"i":{"x":0.833,"y":0.833},"o":{"x":0.167,"y":0.167},"t":99,"s":[{"i":[[0,0],[0,0]],"o":[[0,0],[0,0]],"v":[[-219.559,-279],[124.441,-17]],"c":false}]},{"t":161,"s":[{"i":[[0,0],[0,0]],"o":[[0,0],[0,0]],"v":[[-9.879,-278.564],[220.462,-17]],"c":false}]}],"ix":2},"nm":"Path 1","mn":"ADBE Vector Shape - Group","hd":false},{"ty":"tr","p":{"a":0,"k":[0,0],"ix":2},"a":{"a":0,"k":[0,0],"ix":1},"s":{"a":0,"k":[100,100],"ix":3},"r":{"a":0,"k":0,"ix":6},"o":{"a":0,"k":100,"ix":7},"sk":{"a":0,"k":0,"ix":4},"sa":{"a":0,"k":0,"ix":5},"nm":"Transform"}],"nm":"Roof","np":1,"cix":2,"bm":0,"ix":4,"mn":"ADBE Vector Group","hd":false},{"ty":"tr","p":{"a":0,"k":[216.4,0],"ix":2},"a":{"a":0,"k":[0,0],"ix":1},"s":{"a":0,"k":[100,100],"ix":3},"r":{"a":0,"k":0,"ix":6},"o":{"a":0,"k":100,"ix":7},"sk":{"a":0,"k":0,"ix":4},"sa":{"a":0,"k":0,"ix":5},"nm":"Transform"}],"nm":"Group 1","np":4,"cix":2,"bm":0,"ix":2,"mn":"ADBE Vector Group","hd":false},{"ty":"gr","it":[{"ty":"gr","it":[{"ind":0,"ty":"sh","ix":1,"ks":{"a":1,"k":[{"i":{"x":0.833,"y":0.833},"o":{"x":0.167,"y":0.167},"t":39,"s":[{"i":[[0,0],[0,0]],"o":[[0,0],[0,0]],"v":[[-597.275,-22.375],[-597.521,-22.375]],"c":false}]},{"i":{"x":0.833,"y":0.833},"o":{"x":0.167,"y":0.167},"t":99,"s":[{"i":[[0,0],[0,0]],"o":[[0,0],[0,0]],"v":[[-508.112,-22.712],[-508.358,-22.712]],"c":false}]},{"t":161,"s":[{"i":[[0,0],[0,0]],"o":[[0,0],[0,0]],"v":[[-176.409,-17.813],[-580.217,-17.813]],"c":false}]}],"ix":2},"nm":"Path 1","mn":"ADBE Vector Shape - Group","hd":false},{"ty":"tr","p":{"a":0,"k":[0,0],"ix":2},"a":{"a":0,"k":[0,0],"ix":1},"s":{"a":0,"k":[100,100],"ix":3},"r":{"a":0,"k":0,"ix":6},"o":{"a":0,"k":100,"ix":7},"sk":{"a":0,"k":0,"ix":4},"sa":{"a":0,"k":0,"ix":5},"nm":"Transform"}],"nm":"Connector","np":1,"cix":2,"bm":0,"ix":1,"mn":"ADBE Vector Group","hd":false},{"ty":"gr","it":[{"ind":0,"ty":"sh","ix":1,"ks":{"a":1,"k":[{"i":{"x":0.833,"y":0.833},"o":{"x":0.167,"y":0.167},"t":39,"s":[{"i":[[0,0],[0,0]],"o":[[0,0],[0,0]],"v":[[-350.442,-277.464],[-350.302,-277.464]],"c":false}]},{"i":{"x":0.833,"y":0.833},"o":{"x":0.167,"y":0.167},"t":99,"s":[{"i":[[0,0],[0,0]],"o":[[0,0],[0,0]],"v":[[-161.46,-276.974],[-161.321,-276.974]],"c":false}]},{"t":161,"s":[{"i":[[0,0],[0,0]],"o":[[0,0],[0,0]],"v":[[49.971,-279.914],[-346.715,-278.934]],"c":false}]}],"ix":2},"nm":"Path 1","mn":"ADBE Vector Shape - Group","hd":false},{"ty":"tr","p":{"a":0,"k":[0,0],"ix":2},"a":{"a":0,"k":[0,0],"ix":1},"s":{"a":0,"k":[100,100],"ix":3},"r":{"a":0,"k":0,"ix":6},"o":{"a":0,"k":100,"ix":7},"sk":{"a":0,"k":0,"ix":4},"sa":{"a":0,"k":0,"ix":5},"nm":"Transform"}],"nm":"Top Connector","np":1,"cix":2,"bm":0,"ix":2,"mn":"ADBE Vector Group","hd":false},{"ty":"gr","it":[{"ind":0,"ty":"sh","ix":1,"ks":{"a":1,"k":[{"i":{"x":0.833,"y":0.833},"o":{"x":0.167,"y":0.167},"t":39,"s":[{"i":[[0,0],[0,0],[0,0]],"o":[[0,0],[0,0],[0,0]],"v":[[-546.508,-257.515],[-546.785,54.051],[-36.009,54.051]],"c":false}]},{"i":{"x":0.833,"y":0.833},"o":{"x":0.167,"y":0.167},"t":99,"s":[{"i":[[0,0],[0,0],[0,0]],"o":[[0,0],[0,0],[0,0]],"v":[[-439.709,-257.684],[-439.985,53.882],[-36.009,54.051]],"c":false}]},{"t":161,"s":[{"i":[[0,0],[0,0],[0,0]],"o":[[0,0],[0,0],[0,0]],"v":[[-535.94,-257.684],[-536.216,53.882],[-132.241,54.051]],"c":false}]}],"ix":2},"nm":"Path 1","mn":"ADBE Vector Shape - Group","hd":false},{"ty":"tr","p":{"a":0,"k":[-3.919,194.654],"ix":2},"a":{"a":0,"k":[0,0],"ix":1},"s":{"a":0,"k":[100,100],"ix":3},"r":{"a":0,"k":0,"ix":6},"o":{"a":0,"k":100,"ix":7},"sk":{"a":0,"k":0,"ix":4},"sa":{"a":0,"k":0,"ix":5},"nm":"Transform"}],"nm":"Base","np":1,"cix":2,"bm":0,"ix":3,"mn":"ADBE Vector Group","hd":false},{"ty":"gr","it":[{"ind":0,"ty":"sh","ix":1,"ks":{"a":1,"k":[{"i":{"x":0.833,"y":0.833},"o":{"x":0.167,"y":0.167},"t":39,"s":[{"i":[[0,0],[0,0]],"o":[[0,0],[0,0]],"v":[[-348.488,-277.53],[-596.502,-21.562]],"c":false}]},{"i":{"x":0.833,"y":0.833},"o":{"x":0.167,"y":0.167},"t":99,"s":[{"i":[[0,0],[0,0]],"o":[[0,0],[0,0]],"v":[[-159.506,-277.04],[-507.339,-21.899]],"c":false}]},{"t":161,"s":[{"i":[[0,0],[0,0]],"o":[[0,0],[0,0]],"v":[[-346.651,-279],[-580.825,-17]],"c":false}]}],"ix":2},"nm":"Path 1","mn":"ADBE Vector Shape - Group","hd":false},{"ty":"tr","p":{"a":0,"k":[0,0],"ix":2},"a":{"a":0,"k":[0,0],"ix":1},"s":{"a":0,"k":[100,100],"ix":3},"r":{"a":0,"k":0,"ix":6},"o":{"a":0,"k":100,"ix":7},"sk":{"a":0,"k":0,"ix":4},"sa":{"a":0,"k":0,"ix":5},"nm":"Transform"}],"nm":"Roof","np":1,"cix":2,"bm":0,"ix":4,"mn":"ADBE Vector Group","hd":false},{"ty":"tr","p":{"a":0,"k":[155.9,0],"ix":2},"a":{"a":0,"k":[0,0],"ix":1},"s":{"a":0,"k":[100,100],"ix":3},"r":{"a":0,"k":0,"ix":6},"o":{"a":0,"k":100,"ix":7},"sk":{"a":0,"k":0,"ix":4},"sa":{"a":0,"k":0,"ix":5},"nm":"Transform"}],"nm":"Group 2","np":4,"cix":2,"bm":0,"ix":3,"mn":"ADBE Vector Group","hd":false},{"ty":"gs","o":{"a":0,"k":100,"ix":9},"w":{"a":0,"k":59,"ix":10},"g":{"p":3,"k":{"a":0,"k":[0,0.961,0.996,1,0.36,0.98,0.998,1,0.998,1,1,1],"ix":8}},"s":{"a":0,"k":[-167.74,283.163],"ix":4},"e":{"a":0,"k":[-163.972,-29.264],"ix":5},"t":1,"lc":2,"lj":2,"bm":0,"nm":"Gradient Stroke 2","mn":"ADBE Vector Graphic - G-Stroke","hd":false},{"ty":"tr","p":{"a":0,"k":[0,0],"ix":2},"a":{"a":0,"k":[0,0],"ix":1},"s":{"a":0,"k":[100,100],"ix":3},"r":{"a":0,"k":0,"ix":6},"o":{"a":0,"k":100,"ix":7},"sk":{"a":0,"k":0,"ix":4},"sa":{"a":0,"k":0,"ix":5},"nm":"Transform"}],"nm":"ALL PATHS","np":4,"cix":2,"bm":0,"ix":1,"mn":"ADBE Vector Group","hd":false}],"ip":-2,"op":219,"st":0,"bm":0}]},{"id":"comp_2","layers":[{"ddd":0,"ind":16,"ty":4,"nm":"H 2 Outlines","sr":1,"ks":{"o":{"a":0,"k":100,"ix":11},"r":{"a":0,"k":0,"ix":10},"p":{"s":true,"x":{"a":0,"k":394.93,"ix":3},"y":{"a":1,"k":[{"i":{"x":[0.19],"y":[1]},"o":{"x":[0.85],"y":[0]},"t":0,"s":[453.8]},{"i":{"x":[0.15],"y":[1]},"o":{"x":[0.81],"y":[0]},"t":83,"s":[292.567]},{"i":{"x":[0.15],"y":[1]},"o":{"x":[0.877],"y":[0]},"t":171,"s":[453.8]},{"i":{"x":[0.15],"y":[1]},"o":{"x":[0.85],"y":[0]},"t":261,"s":[292.567]},{"t":342,"s":[453.8]}],"ix":4}},"a":{"a":0,"k":[36.68,-70.686,0],"ix":1},"s":{"a":1,"k":[{"i":{"x":[0.205,0.215,0.44],"y":[1,1,1]},"o":{"x":[0.68,0.68,0.68],"y":[0,0,0]},"t":33,"s":[100,135,100]},{"i":{"x":[0.44,0.44,0.44],"y":[1,1,1]},"o":{"x":[0.47,0.47,0.47],"y":[0,0,0]},"t":79,"s":[100,100,100]},{"i":{"x":[0.833,0.833,0.833],"y":[1,0.833,1]},"o":{"x":[0.47,0.47,0.47],"y":[0,0,0]},"t":95,"s":[100,100,100]},{"t":144,"s":[100,135,100]}],"ix":6}},"ao":0,"shapes":[{"ty":"gr","it":[{"ind":0,"ty":"sh","ix":1,"ks":{"a":0,"k":{"i":[[0,0],[0,0],[0,0],[0,0],[0,0],[0,0],[0,0],[0,0],[0,0],[0,0],[0,0],[0,0]],"o":[[0,0],[0,0],[0,0],[0,0],[0,0],[0,0],[0,0],[0,0],[0,0],[0,0],[0,0],[0,0]],"v":[[22.374,-70.686],[22.374,-43.56],[50.985,-43.56],[50.985,-70.686],[66.528,-70.686],[66.528,0],[50.985,0],[50.985,-30.492],[22.374,-30.492],[22.374,0],[6.831,0],[6.831,-70.686]],"c":true},"ix":2},"nm":"H","mn":"ADBE Vector Shape - Group","hd":false},{"ty":"fl","c":{"a":0,"k":[1,1,1,1],"ix":4},"o":{"a":0,"k":100,"ix":5},"r":1,"bm":0,"nm":"Fill 1","mn":"ADBE Vector Graphic - Fill","hd":false},{"ty":"tr","p":{"a":0,"k":[0,0],"ix":2},"a":{"a":0,"k":[0,0],"ix":1},"s":{"a":0,"k":[100,100],"ix":3},"r":{"a":0,"k":0,"ix":6},"o":{"a":0,"k":100,"ix":7},"sk":{"a":0,"k":0,"ix":4},"sa":{"a":0,"k":0,"ix":5},"nm":"Transform"}],"nm":"H","np":3,"cix":2,"bm":0,"ix":1,"mn":"ADBE Vector Group","hd":false}],"ip":0,"op":225,"st":6,"bm":0},{"ddd":0,"ind":18,"ty":4,"nm":"O 2 Outlines","sr":1,"ks":{"o":{"a":0,"k":100,"ix":11},"r":{"a":0,"k":0,"ix":10},"p":{"s":true,"x":{"a":0,"k":470.12,"ix":3},"y":{"a":1,"k":[{"i":{"x":[0.19],"y":[1]},"o":{"x":[0.85],"y":[0]},"t":2,"s":[453.8]},{"i":{"x":[0.15],"y":[1]},"o":{"x":[0.81],"y":[0]},"t":85,"s":[292.517]},{"t":170,"s":[453.8]}],"ix":4}},"a":{"a":0,"k":[38.511,-72.369,0],"ix":1},"s":{"a":1,"k":[{"i":{"x":[0.205,0.215,0.44],"y":[1,1,1]},"o":{"x":[0.68,0.68,0.68],"y":[0,0,0]},"t":32,"s":[100,135,100]},{"i":{"x":[0.44,0.44,0.44],"y":[1,1,1]},"o":{"x":[0.47,0.47,0.47],"y":[0,0,0]},"t":78,"s":[100,100,100]},{"i":{"x":[0.833,0.833,0.833],"y":[1,0.833,1]},"o":{"x":[0.47,0.47,0.47],"y":[0,0,0]},"t":94,"s":[100,100,100]},{"t":143,"s":[100,135,100]}],"ix":6}},"ao":0,"shapes":[{"ty":"gr","it":[{"ind":0,"ty":"sh","ix":1,"ks":{"a":0,"k":{"i":[[-0.693,-2.804],[-1.519,-2.243],[-2.443,-1.352],[-3.499,0],[-2.443,1.354],[-1.519,2.245],[-0.693,2.806],[0,2.97],[0.693,2.905],[1.517,2.277],[2.441,1.354],[3.497,0],[2.441,-1.352],[1.517,-2.277],[0.693,-2.903],[0,-3.101]],"o":[[0.693,2.806],[1.517,2.245],[2.441,1.354],[3.497,0],[2.441,-1.352],[1.517,-2.243],[0.693,-2.804],[0,-3.101],[-0.693,-2.903],[-1.519,-2.277],[-2.443,-1.352],[-3.499,0],[-2.443,1.354],[-1.519,2.277],[-0.693,2.905],[0,2.97]],"v":[[20.344,-26.383],[23.661,-18.81],[29.601,-13.415],[38.511,-11.385],[47.421,-13.415],[53.361,-18.81],[56.678,-26.383],[57.717,-35.046],[56.678,-44.055],[53.361,-51.827],[47.421,-57.271],[38.511,-59.301],[29.601,-57.271],[23.661,-51.827],[20.344,-44.055],[19.305,-35.046]],"c":true},"ix":2},"nm":"O","mn":"ADBE Vector Shape - Group","hd":false},{"ind":1,"ty":"sh","ix":2,"ks":{"a":0,"k":{"i":[[-1.584,4.522],[-2.97,3.366],[-4.324,1.915],[-5.413,0],[-4.291,-1.913],[-2.97,-3.366],[-1.584,-4.52],[0,-5.279],[1.584,-4.455],[2.97,-3.299],[4.289,-1.881],[5.477,0],[4.322,1.881],[2.97,3.301],[1.584,4.455],[0,5.148]],"o":[[1.584,-4.52],[2.97,-3.366],[4.322,-1.913],[5.477,0],[4.289,1.915],[2.97,3.366],[1.584,4.522],[0,5.148],[-1.584,4.455],[-2.97,3.301],[-4.291,1.881],[-5.413,0],[-4.324,-1.881],[-2.97,-3.299],[-1.584,-4.455],[0,-5.279]],"v":[[6.138,-49.747],[12.969,-61.578],[23.909,-69.498],[38.511,-72.369],[53.163,-69.498],[64.053,-61.578],[70.884,-49.747],[73.26,-35.046],[70.884,-20.641],[64.053,-9.009],[53.163,-1.238],[38.511,1.584],[23.909,-1.238],[12.969,-9.009],[6.138,-20.641],[3.762,-35.046]],"c":true},"ix":2},"nm":"O","mn":"ADBE Vector Shape - Group","hd":false},{"ty":"mm","mm":1,"nm":"Merge Paths 1","mn":"ADBE Vector Filter - Merge","hd":false},{"ty":"fl","c":{"a":0,"k":[1,1,1,1],"ix":4},"o":{"a":0,"k":100,"ix":5},"r":1,"bm":0,"nm":"Fill 1","mn":"ADBE Vector Graphic - Fill","hd":false},{"ty":"tr","p":{"a":0,"k":[0,0],"ix":2},"a":{"a":0,"k":[0,0],"ix":1},"s":{"a":0,"k":[100,100],"ix":3},"r":{"a":0,"k":0,"ix":6},"o":{"a":0,"k":100,"ix":7},"sk":{"a":0,"k":0,"ix":4},"sa":{"a":0,"k":0,"ix":5},"nm":"Transform"}],"nm":"O","np":5,"cix":2,"bm":0,"ix":1,"mn":"ADBE Vector Group","hd":false}],"ip":-1,"op":227,"st":8,"bm":0},{"ddd":0,"ind":20,"ty":4,"nm":"M 2 Outlines","sr":1,"ks":{"o":{"a":0,"k":100,"ix":11},"r":{"a":0,"k":0,"ix":10},"p":{"s":true,"x":{"a":0,"k":553.527,"ix":3},"y":{"a":1,"k":[{"i":{"x":[0.19],"y":[1]},"o":{"x":[0.85],"y":[0]},"t":4,"s":[453.8]},{"i":{"x":[0.15],"y":[1]},"o":{"x":[0.81],"y":[0]},"t":87,"s":[292.567]},{"t":169,"s":[453.8]}],"ix":4}},"a":{"a":0,"k":[44.897,-70.686,0],"ix":1},"s":{"a":1,"k":[{"i":{"x":[0.205,0.215,0.44],"y":[1,1,1]},"o":{"x":[0.68,0.68,0.68],"y":[0,0,0]},"t":31,"s":[100,135,100]},{"i":{"x":[0.44,0.44,0.44],"y":[1,1,1]},"o":{"x":[0.47,0.47,0.47],"y":[0,0,0]},"t":77,"s":[100,100,100]},{"i":{"x":[0.833,0.833,0.833],"y":[1,0.833,1]},"o":{"x":[0.47,0.47,0.47],"y":[0,0,0]},"t":93,"s":[100,100,100]},{"t":142,"s":[100,135,100]}],"ix":6}},"ao":0,"shapes":[{"ty":"gr","it":[{"ind":0,"ty":"sh","ix":1,"ks":{"a":0,"k":{"i":[[0,0],[0,0],[0,0],[0,0],[0,0],[0,0],[0,0],[0,0],[0,0],[0,0],[0,0],[0,0],[0,0],[0,0],[0,0],[0,0]],"o":[[0,0],[0,0],[0,0],[0,0],[0,0],[0,0],[0,0],[0,0],[0,0],[0,0],[0,0],[0,0],[0,0],[0,0],[0,0],[0,0]],"v":[[28.71,-70.686],[45.243,-22.077],[45.441,-22.077],[61.083,-70.686],[82.962,-70.686],[82.962,0],[68.409,0],[68.409,-50.094],[68.211,-50.094],[50.886,0],[38.907,0],[21.582,-49.599],[21.384,-49.599],[21.384,0],[6.831,0],[6.831,-70.686]],"c":true},"ix":2},"nm":"M","mn":"ADBE Vector Shape - Group","hd":false},{"ty":"fl","c":{"a":0,"k":[1,1,1,1],"ix":4},"o":{"a":0,"k":100,"ix":5},"r":1,"bm":0,"nm":"Fill 1","mn":"ADBE Vector Graphic - Fill","hd":false},{"ty":"tr","p":{"a":0,"k":[0,0],"ix":2},"a":{"a":0,"k":[0,0],"ix":1},"s":{"a":0,"k":[100,100],"ix":3},"r":{"a":0,"k":0,"ix":6},"o":{"a":0,"k":100,"ix":7},"sk":{"a":0,"k":0,"ix":4},"sa":{"a":0,"k":0,"ix":5},"nm":"Transform"}],"nm":"M","np":3,"cix":2,"bm":0,"ix":1,"mn":"ADBE Vector Group","hd":false}],"ip":-2,"op":229,"st":10,"bm":0},{"ddd":0,"ind":22,"ty":4,"nm":"E 2 Outlines","sr":1,"ks":{"o":{"a":0,"k":100,"ix":11},"r":{"a":0,"k":0,"ix":10},"p":{"s":true,"x":{"a":0,"k":632.083,"ix":3},"y":{"a":1,"k":[{"i":{"x":[0.19],"y":[1]},"o":{"x":[0.85],"y":[0]},"t":6,"s":[453.8]},{"i":{"x":[0.15],"y":[1]},"o":{"x":[0.81],"y":[0]},"t":89,"s":[292.567]},{"t":168,"s":[453.8]}],"ix":4}},"a":{"a":0,"k":[33.66,-70.686,0],"ix":1},"s":{"a":1,"k":[{"i":{"x":[0.205,0.215,0.44],"y":[1,1,1]},"o":{"x":[0.68,0.68,0.68],"y":[0,0,0]},"t":30,"s":[100,135,100]},{"i":{"x":[0.44,0.44,0.44],"y":[1,1,1]},"o":{"x":[0.47,0.47,0.47],"y":[0,0,0]},"t":76,"s":[100,100,100]},{"i":{"x":[0.833,0.833,0.833],"y":[1,0.833,1]},"o":{"x":[0.47,0.47,0.47],"y":[0,0,0]},"t":92,"s":[100,100,100]},{"t":141,"s":[100,135,100]}],"ix":6}},"ao":0,"shapes":[{"ty":"gr","it":[{"ind":0,"ty":"sh","ix":1,"ks":{"a":0,"k":{"i":[[0,0],[0,0],[0,0],[0,0],[0,0],[0,0],[0,0],[0,0],[0,0],[0,0],[0,0],[0,0]],"o":[[0,0],[0,0],[0,0],[0,0],[0,0],[0,0],[0,0],[0,0],[0,0],[0,0],[0,0],[0,0]],"v":[[59.697,-70.686],[59.697,-57.618],[22.374,-57.618],[22.374,-42.471],[56.628,-42.471],[56.628,-30.393],[22.374,-30.393],[22.374,-13.068],[60.489,-13.068],[60.489,0],[6.831,0],[6.831,-70.686]],"c":true},"ix":2},"nm":"E","mn":"ADBE Vector Shape - Group","hd":false},{"ty":"fl","c":{"a":0,"k":[1,1,1,1],"ix":4},"o":{"a":0,"k":100,"ix":5},"r":1,"bm":0,"nm":"Fill 1","mn":"ADBE Vector Graphic - Fill","hd":false},{"ty":"tr","p":{"a":0,"k":[0,0],"ix":2},"a":{"a":0,"k":[0,0],"ix":1},"s":{"a":0,"k":[100,100],"ix":3},"r":{"a":0,"k":0,"ix":6},"o":{"a":0,"k":100,"ix":7},"sk":{"a":0,"k":0,"ix":4},"sa":{"a":0,"k":0,"ix":5},"nm":"Transform"}],"nm":"E","np":3,"cix":2,"bm":0,"ix":1,"mn":"ADBE Vector Group","hd":false}],"ip":-3,"op":231,"st":12,"bm":0}]},{"id":"comp_3","layers":[{"ddd":0,"ind":1,"ty":4,"nm":"HEART_BOUNCY 3","sr":1,"ks":{"o":{"a":1,"k":[{"i":{"x":[0.833],"y":[0.833]},"o":{"x":[0.333],"y":[0]},"t":40,"s":[100]},{"i":{"x":[0.833],"y":[0.833]},"o":{"x":[0.167],"y":[0.167]},"t":54,"s":[0]},{"i":{"x":[0.667],"y":[1]},"o":{"x":[0.167],"y":[0.167]},"t":161,"s":[0]},{"t":177,"s":[100]}],"ix":11},"r":{"a":0,"k":0,"ix":10},"p":{"s":true,"x":{"a":0,"k":375,"ix":3},"y":{"a":1,"k":[{"i":{"x":[0.833],"y":[0.833]},"o":{"x":[0.774],"y":[0]},"t":0,"s":[309.805]},{"i":{"x":[0.667],"y":[1]},"o":{"x":[0.167],"y":[0.167]},"t":54,"s":[241.705]},{"i":{"x":[0],"y":[1]},"o":{"x":[0.453],"y":[0]},"t":151,"s":[51.705]},{"t":192,"s":[309.805]}],"ix":4}},"a":{"a":0,"k":[0,155,0],"ix":1},"s":{"a":1,"k":[{"i":{"x":[0.833,0.833,0.833],"y":[0.833,0.833,1]},"o":{"x":[0.908,0.908,0.77],"y":[0,0,0]},"t":0,"s":[69.941,69.941,100]},{"i":{"x":[0.667,0.667,0.667],"y":[1,1,1]},"o":{"x":[0.167,0.167,0.167],"y":[0.167,0.167,-16.643]},"t":54,"s":[11.8,11.8,100]},{"i":{"x":[0.342,0.342,0],"y":[1,1,1]},"o":{"x":[0.637,0.637,0.333],"y":[0,0,0]},"t":155,"s":[0,0,100]},{"t":196,"s":[69.941,69.941,100]}],"ix":6}},"ao":0,"shapes":[{"ty":"gr","it":[{"ty":"gr","it":[{"ind":0,"ty":"sh","ix":1,"ks":{"a":0,"k":{"i":[[0,0],[50.371,-89.392],[0,0]],"o":[[-57.733,-90.733],[-87.779,155.776],[0,0]],"v":[[0,-14.636],[-240.411,-7.558],[-1.007,338.943]],"c":false},"ix":2},"nm":"Path 1","mn":"ADBE Vector Shape - Group","hd":false},{"ty":"tr","p":{"a":0,"k":[0,0],"ix":2},"a":{"a":0,"k":[0,0],"ix":1},"s":{"a":0,"k":[-100,100],"ix":3},"r":{"a":0,"k":0,"ix":6},"o":{"a":0,"k":100,"ix":7},"sk":{"a":0,"k":0,"ix":4},"sa":{"a":0,"k":0,"ix":5},"nm":"Transform"}],"nm":"Shape 2","np":1,"cix":2,"bm":0,"ix":1,"mn":"ADBE Vector Group","hd":false},{"ty":"gr","it":[{"ind":0,"ty":"sh","ix":1,"ks":{"a":0,"k":{"i":[[0,0],[50.371,-89.392],[0,0]],"o":[[-57.733,-90.733],[-87.779,155.776],[0,0]],"v":[[0,-14.636],[-240.411,-7.558],[-1.007,338.943]],"c":false},"ix":2},"nm":"Path 1","mn":"ADBE Vector Shape - Group","hd":false},{"ty":"tr","p":{"a":0,"k":[0,0],"ix":2},"a":{"a":0,"k":[0,0],"ix":1},"s":{"a":0,"k":[100,100],"ix":3},"r":{"a":0,"k":0,"ix":6},"o":{"a":0,"k":100,"ix":7},"sk":{"a":0,"k":0,"ix":4},"sa":{"a":0,"k":0,"ix":5},"nm":"Transform"}],"nm":"Shape 1","np":1,"cix":2,"bm":0,"ix":2,"mn":"ADBE Vector Group","hd":false},{"ty":"gs","o":{"a":0,"k":100,"ix":9},"w":{"a":0,"k":41,"ix":10},"g":{"p":3,"k":{"a":0,"k":[0.002,0.9568627450980393,0.2627450980392157,0.21176470588235294,0.501,0.9333333333333333,0.3607843137254902,0.3176470588235294,1,0.9568627450980393,0.2627450980392157,0.21176470588235294],"ix":8}},"s":{"a":0,"k":[0,0],"ix":4},"e":{"a":0,"k":[-2.311,394.784],"ix":5},"t":1,"lc":2,"lj":2,"bm":0,"nm":"Gradient Stroke 1","mn":"ADBE Vector Graphic - G-Stroke","hd":false},{"ty":"tr","p":{"a":0,"k":[0,126.335],"ix":2},"a":{"a":0,"k":[0,126.335],"ix":1},"s":{"a":1,"k":[{"i":{"x":[0.667,0.667],"y":[1,1]},"o":{"x":[0.333,0.333],"y":[0,0]},"t":-259,"s":[100,100]},{"i":{"x":[0.667,0.667],"y":[1,1]},"o":{"x":[0.333,0.333],"y":[0,0]},"t":-243,"s":[110,110]},{"i":{"x":[0.667,0.667],"y":[1,1]},"o":{"x":[0.333,0.333],"y":[0,0]},"t":-228,"s":[95,95]},{"i":{"x":[0.667,0.667],"y":[1,1]},"o":{"x":[0.333,0.333],"y":[0,0]},"t":-212,"s":[102.5,102.5]},{"i":{"x":[0.667,0.667],"y":[1,1]},"o":{"x":[0.333,0.333],"y":[0,0]},"t":-195,"s":[100,100]},{"i":{"x":[0.667,0.667],"y":[1,1]},"o":{"x":[0.333,0.333],"y":[0,0]},"t":-39,"s":[110,110]},{"i":{"x":[0.667,0.667],"y":[1,1]},"o":{"x":[0.333,0.333],"y":[0,0]},"t":-9,"s":[95,95]},{"i":{"x":[0.667,0.667],"y":[1,1]},"o":{"x":[0.333,0.333],"y":[0,0]},"t":16,"s":[100,100]},{"i":{"x":[0.667,0.667],"y":[1,1]},"o":{"x":[0.333,0.333],"y":[0,0]},"t":181,"s":[110,110]},{"i":{"x":[0.667,0.667],"y":[1,1]},"o":{"x":[0.333,0.333],"y":[0,0]},"t":208,"s":[95,95]},{"i":{"x":[0.667,0.667],"y":[1,1]},"o":{"x":[0.333,0.333],"y":[0,0]},"t":238,"s":[100,100]},{"t":265,"s":[100,100]}],"ix":3},"r":{"a":0,"k":0,"ix":6},"o":{"a":0,"k":100,"ix":7},"sk":{"a":0,"k":0,"ix":4},"sa":{"a":0,"k":0,"ix":5},"nm":"Transform"}],"nm":"Group 3","np":3,"cix":2,"bm":0,"ix":1,"mn":"ADBE Vector Group","hd":false},{"ty":"gr","it":[{"ty":"rc","d":1,"s":{"a":0,"k":[1228,1228],"ix":2},"p":{"a":0,"k":[0,0],"ix":3},"r":{"a":0,"k":0,"ix":4},"nm":"Rectangle Path 1","mn":"ADBE Vector Shape - Rect","hd":false},{"ty":"fl","c":{"a":0,"k":[0,0,0,1],"ix":4},"o":{"a":0,"k":0,"ix":5},"r":1,"bm":0,"nm":"Fill 1","mn":"ADBE Vector Graphic - Fill","hd":false},{"ty":"tr","p":{"a":0,"k":[0,0],"ix":2},"a":{"a":0,"k":[0,0],"ix":1},"s":{"a":0,"k":[100,100],"ix":3},"r":{"a":0,"k":0,"ix":6},"o":{"a":0,"k":100,"ix":7},"sk":{"a":0,"k":0,"ix":4},"sa":{"a":0,"k":0,"ix":5},"nm":"Transform"}],"nm":"Group 2","np":2,"cix":2,"bm":0,"ix":2,"mn":"ADBE Vector Group","hd":false}],"ip":0,"op":219,"st":0,"bm":0},{"ddd":0,"ind":2,"ty":4,"nm":"HEART_BOUNCY","sr":1,"ks":{"o":{"a":1,"k":[{"i":{"x":[0.833],"y":[0.833]},"o":{"x":[0.333],"y":[0]},"t":40,"s":[100]},{"i":{"x":[0.833],"y":[0.833]},"o":{"x":[0.167],"y":[0.167]},"t":54,"s":[0]},{"i":{"x":[0.667],"y":[1]},"o":{"x":[0.167],"y":[0.167]},"t":161,"s":[0]},{"t":177,"s":[100]}],"ix":11},"r":{"a":0,"k":0,"ix":10},"p":{"s":true,"x":{"a":0,"k":375,"ix":3},"y":{"a":1,"k":[{"i":{"x":[0.833],"y":[0.833]},"o":{"x":[0.774],"y":[0]},"t":0,"s":[309.805]},{"i":{"x":[0.667],"y":[1]},"o":{"x":[0.167],"y":[0.167]},"t":54,"s":[241.705]},{"i":{"x":[0],"y":[1]},"o":{"x":[0.453],"y":[0]},"t":151,"s":[51.705]},{"t":192,"s":[309.805]}],"ix":4}},"a":{"a":0,"k":[0,155,0],"ix":1},"s":{"a":1,"k":[{"i":{"x":[0.833,0.833,0.833],"y":[0.833,0.833,1]},"o":{"x":[0.908,0.908,0.77],"y":[0,0,0]},"t":0,"s":[69.941,69.941,100]},{"i":{"x":[0.667,0.667,0.667],"y":[1,1,1]},"o":{"x":[0.167,0.167,0.167],"y":[0.167,0.167,-16.643]},"t":54,"s":[11.8,11.8,100]},{"i":{"x":[0.342,0.342,0],"y":[1,1,1]},"o":{"x":[0.637,0.637,0.333],"y":[0,0,0]},"t":155,"s":[0,0,100]},{"t":196,"s":[69.941,69.941,100]}],"ix":6}},"ao":0,"shapes":[{"ty":"gr","it":[{"ty":"gr","it":[{"ty":"gr","it":[{"ind":0,"ty":"sh","ix":1,"ks":{"a":0,"k":{"i":[[0,0],[50.371,-89.392],[0,0]],"o":[[-57.733,-90.733],[-87.779,155.776],[0,0]],"v":[[0,-14.636],[-240.411,-7.558],[-1.007,338.943]],"c":false},"ix":2},"nm":"Path 1","mn":"ADBE Vector Shape - Group","hd":false},{"ty":"tr","p":{"a":0,"k":[0,0],"ix":2},"a":{"a":0,"k":[0,0],"ix":1},"s":{"a":0,"k":[-100,100],"ix":3},"r":{"a":0,"k":0,"ix":6},"o":{"a":0,"k":100,"ix":7},"sk":{"a":0,"k":0,"ix":4},"sa":{"a":0,"k":0,"ix":5},"nm":"Transform"}],"nm":"Shape 2","np":1,"cix":2,"bm":0,"ix":1,"mn":"ADBE Vector Group","hd":false},{"ty":"gr","it":[{"ind":0,"ty":"sh","ix":1,"ks":{"a":0,"k":{"i":[[0,0],[50.371,-89.392],[0,0]],"o":[[-57.733,-90.733],[-87.779,155.776],[0,0]],"v":[[0,-14.636],[-240.411,-7.558],[-1.007,338.943]],"c":false},"ix":2},"nm":"Path 1","mn":"ADBE Vector Shape - Group","hd":false},{"ty":"tr","p":{"a":0,"k":[0,0],"ix":2},"a":{"a":0,"k":[0,0],"ix":1},"s":{"a":0,"k":[100,100],"ix":3},"r":{"a":0,"k":0,"ix":6},"o":{"a":0,"k":100,"ix":7},"sk":{"a":0,"k":0,"ix":4},"sa":{"a":0,"k":0,"ix":5},"nm":"Transform"}],"nm":"Shape 1","np":1,"cix":2,"bm":0,"ix":2,"mn":"ADBE Vector Group","hd":false},{"ty":"gs","o":{"a":0,"k":100,"ix":9},"w":{"a":0,"k":41,"ix":10},"g":{"p":3,"k":{"a":0,"k":[0.002,0.349,0.698,1,0.501,0.175,0.617,1,1,0,0.535,1],"ix":8}},"s":{"a":0,"k":[0,0],"ix":4},"e":{"a":0,"k":[-2.311,394.784],"ix":5},"t":1,"lc":2,"lj":2,"bm":0,"nm":"Gradient Stroke 1","mn":"ADBE Vector Graphic - G-Stroke","hd":false},{"ty":"tr","p":{"a":0,"k":[0,0],"ix":2},"a":{"a":0,"k":[0,0],"ix":1},"s":{"a":0,"k":[100,100],"ix":3},"r":{"a":0,"k":0,"ix":6},"o":{"a":0,"k":100,"ix":7},"sk":{"a":0,"k":0,"ix":4},"sa":{"a":0,"k":0,"ix":5},"nm":"Transform"}],"nm":"Group 1","np":3,"cix":2,"bm":0,"ix":1,"mn":"ADBE Vector Group","hd":false},{"ty":"gr","it":[{"ty":"rc","d":1,"s":{"a":0,"k":[1228,1228],"ix":2},"p":{"a":0,"k":[0,0],"ix":3},"r":{"a":0,"k":0,"ix":4},"nm":"Rectangle Path 1","mn":"ADBE Vector Shape - Rect","hd":false},{"ty":"fl","c":{"a":0,"k":[0,0,0,1],"ix":4},"o":{"a":0,"k":0,"ix":5},"r":1,"bm":0,"nm":"Fill 1","mn":"ADBE Vector Graphic - Fill","hd":false},{"ty":"tr","p":{"a":0,"k":[0,0],"ix":2},"a":{"a":0,"k":[0,0],"ix":1},"s":{"a":0,"k":[100,100],"ix":3},"r":{"a":0,"k":0,"ix":6},"o":{"a":0,"k":100,"ix":7},"sk":{"a":0,"k":0,"ix":4},"sa":{"a":0,"k":0,"ix":5},"nm":"Transform"}],"nm":"Group 2","np":2,"cix":2,"bm":0,"ix":2,"mn":"ADBE Vector Group","hd":false},{"ty":"tr","p":{"a":0,"k":[0,126.335],"ix":2},"a":{"a":0,"k":[0,126.335],"ix":1},"s":{"a":1,"k":[{"i":{"x":[0.667,0.667],"y":[1,1]},"o":{"x":[0.333,0.333],"y":[0,0]},"t":-259,"s":[100,100]},{"i":{"x":[0.667,0.667],"y":[1,1]},"o":{"x":[0.333,0.333],"y":[0,0]},"t":-243,"s":[110,110]},{"i":{"x":[0.667,0.667],"y":[1,1]},"o":{"x":[0.333,0.333],"y":[0,0]},"t":-228,"s":[95,95]},{"i":{"x":[0.667,0.667],"y":[1,1]},"o":{"x":[0.333,0.333],"y":[0,0]},"t":-212,"s":[102.5,102.5]},{"i":{"x":[0.667,0.667],"y":[1,1]},"o":{"x":[0.333,0.333],"y":[0,0]},"t":-195,"s":[100,100]},{"i":{"x":[0.667,0.667],"y":[1,1]},"o":{"x":[0.333,0.333],"y":[0,0]},"t":-39,"s":[110,110]},{"i":{"x":[0.667,0.667],"y":[1,1]},"o":{"x":[0.333,0.333],"y":[0,0]},"t":-9,"s":[95,95]},{"i":{"x":[0.667,0.667],"y":[1,1]},"o":{"x":[0.333,0.333],"y":[0,0]},"t":16,"s":[100,100]},{"i":{"x":[0.667,0.667],"y":[1,1]},"o":{"x":[0.333,0.333],"y":[0,0]},"t":181,"s":[110,110]},{"i":{"x":[0.667,0.667],"y":[1,1]},"o":{"x":[0.333,0.333],"y":[0,0]},"t":208,"s":[95,95]},{"i":{"x":[0.667,0.667],"y":[1,1]},"o":{"x":[0.333,0.333],"y":[0,0]},"t":238,"s":[100,100]},{"t":265,"s":[100,100]}],"ix":3},"r":{"a":0,"k":0,"ix":6},"o":{"a":0,"k":100,"ix":7},"sk":{"a":0,"k":0,"ix":4},"sa":{"a":0,"k":0,"ix":5},"nm":"Transform"}],"nm":"Group 3","np":2,"cix":2,"bm":0,"ix":1,"mn":"ADBE Vector Group","hd":false}],"ip":0,"op":219,"st":0,"bm":0},{"ddd":0,"ind":3,"ty":4,"nm":"STAY Text Outlines","sr":1,"ks":{"o":{"a":0,"k":100,"ix":11},"r":{"a":0,"k":0,"ix":10},"p":{"s":true,"x":{"a":0,"k":214.702,"ix":3},"y":{"a":1,"k":[{"i":{"x":[0.18],"y":[1]},"o":{"x":[0.82],"y":[0]},"t":0,"s":[610.548]},{"i":{"x":[0.18],"y":[1]},"o":{"x":[0.82],"y":[0]},"t":109,"s":[189.969]},{"t":219,"s":[610.548]}],"ix":4}},"a":{"a":0,"k":[0,0,0],"ix":1},"s":{"a":0,"k":[100,100,100],"ix":6}},"ao":0,"shapes":[{"ty":"gr","it":[{"ind":0,"ty":"sh","ix":1,"ks":{"a":0,"k":{"i":[[-0.859,-1.649],[-1.42,-1.022],[-1.915,-0.495],[-2.047,0],[-1.584,0.232],[-1.386,0.661],[-0.925,1.156],[0,1.782],[1.22,1.188],[1.98,0.792],[2.507,0.594],[2.574,0.727],[2.507,0.958],[1.98,1.519],[1.22,2.277],[0,3.235],[-1.552,2.673],[-2.509,1.782],[-3.168,0.859],[-3.168,0],[-3.4,-0.824],[-2.641,-1.847],[-1.552,-2.871],[0,-4.091],[0,0],[0.758,1.386],[1.253,0.792],[1.616,0.331],[1.913,0],[1.253,-0.263],[1.022,-0.659],[0.659,-0.99],[0,-1.517],[-0.529,-0.857],[-1.552,-0.725],[-2.74,-0.725],[-4.423,-1.121],[-2.344,-0.693],[-2.311,-1.517],[-1.683,-2.54],[0,-3.96],[1.253,-2.772],[2.475,-2.012],[3.663,-1.121],[4.817,0],[3.663,0.956],[2.804,2.047],[1.649,3.168],[-0.067,4.356],[0,0]],"o":[[0.857,1.651],[1.418,1.024],[1.913,0.495],[1.386,0],[1.584,-0.23],[1.386,-0.659],[0.923,-1.154],[0,-1.913],[-1.222,-1.188],[-1.98,-0.792],[-2.509,-0.594],[-2.641,-0.659],[-2.509,-0.956],[-1.98,-1.517],[-1.222,-2.277],[0,-3.629],[1.55,-2.673],[2.507,-1.782],[3.168,-0.857],[3.695,0],[3.398,0.826],[2.639,1.849],[1.55,2.871],[0,0],[-0.133,-2.111],[-0.76,-1.386],[-1.255,-0.792],[-1.618,-0.329],[-1.255,0],[-1.255,0.265],[-1.024,0.661],[-0.661,0.99],[0,1.386],[0.527,0.859],[1.55,0.727],[2.738,0.727],[1.319,0.265],[2.342,0.693],[2.309,1.519],[1.683,2.542],[0,3.235],[-1.255,2.772],[-2.475,2.014],[-3.663,1.121],[-3.895,0],[-3.663,-0.956],[-2.806,-2.045],[-1.651,-3.168],[0,0],[0,2.376]],"v":[[-102.365,-17.424],[-98.95,-13.415],[-93.95,-11.137],[-88.01,-10.395],[-83.555,-10.742],[-79.1,-12.078],[-75.635,-14.801],[-74.249,-19.206],[-76.081,-23.859],[-80.882,-26.829],[-87.614,-28.908],[-95.237,-30.888],[-102.959,-33.314],[-109.691,-37.026],[-114.493,-42.719],[-116.324,-50.985],[-113.998,-60.439],[-107.909,-67.122],[-99.395,-71.082],[-89.891,-72.369],[-79.249,-71.132],[-70.19,-67.122],[-63.904,-60.044],[-61.577,-49.599],[-76.625,-49.599],[-77.962,-54.846],[-80.981,-58.113],[-85.288,-59.796],[-90.584,-60.291],[-94.346,-59.895],[-97.762,-58.509],[-100.286,-56.034],[-101.276,-52.272],[-100.484,-48.906],[-97.366,-46.53],[-90.931,-44.352],[-80.189,-41.58],[-74.695,-40.145],[-67.715,-36.828],[-61.726,-30.74],[-59.201,-20.988],[-61.082,-11.979],[-66.676,-4.801],[-75.883,-0.099],[-88.604,1.584],[-99.94,0.148],[-109.642,-4.356],[-116.324,-12.177],[-118.7,-23.463],[-103.652,-23.463]],"c":true},"ix":2},"nm":"S","mn":"ADBE Vector Shape - Group","hd":false},{"ind":1,"ty":"sh","ix":2,"ks":{"a":0,"k":{"i":[[0,0],[0,0],[0,0],[0,0],[0,0],[0,0],[0,0],[0,0]],"o":[[0,0],[0,0],[0,0],[0,0],[0,0],[0,0],[0,0],[0,0]],"v":[[-55.54,-57.618],[-55.54,-70.686],[2.376,-70.686],[2.376,-57.618],[-18.811,-57.618],[-18.811,0],[-34.354,0],[-34.354,-57.618]],"c":true},"ix":2},"nm":"T","mn":"ADBE Vector Shape - Group","hd":false},{"ind":2,"ty":"sh","ix":3,"ks":{"a":0,"k":{"i":[[0,0],[0,0],[0,0],[0,0]],"o":[[0,0],[0,0],[0,0],[0,0]],"v":[[37.52,-27.324],[28.61,-53.262],[28.412,-53.262],[19.205,-27.324]],"c":true},"ix":2},"nm":"A","mn":"ADBE Vector Shape - Group","hd":false},{"ind":3,"ty":"sh","ix":4,"ks":{"a":0,"k":{"i":[[0,0],[0,0],[0,0],[0,0],[0,0],[0,0],[0,0],[0,0]],"o":[[0,0],[0,0],[0,0],[0,0],[0,0],[0,0],[0,0],[0,0]],"v":[[36.629,-70.686],[63.062,0],[46.925,0],[41.579,-15.741],[15.146,-15.741],[9.602,0],[-6.04,0],[20.69,-70.686]],"c":true},"ix":2},"nm":"A 2","mn":"ADBE Vector Shape - Group","hd":false},{"ind":4,"ty":"sh","ix":5,"ks":{"a":0,"k":{"i":[[0,0],[0,0],[0,0],[0,0],[0,0],[0,0],[0,0],[0,0],[0,0]],"o":[[0,0],[0,0],[0,0],[0,0],[0,0],[0,0],[0,0],[0,0],[0,0]],"v":[[54.252,-70.686],[71.676,-70.686],[88.209,-42.768],[104.643,-70.686],[121.968,-70.686],[95.733,-27.126],[95.733,0],[80.19,0],[80.19,-27.522]],"c":true},"ix":2},"nm":"Y","mn":"ADBE Vector Shape - Group","hd":false},{"ty":"fl","c":{"a":0,"k":[0.9568627450980393,0.2627450980392157,0.21176470588235294,1],"ix":4},"o":{"a":0,"k":100,"ix":5},"r":1,"bm":0,"nm":"Fill 1","mn":"ADBE Vector Graphic - Fill","hd":false},{"ty":"tr","p":{"a":0,"k":[0,0],"ix":2},"a":{"a":0,"k":[0,0],"ix":1},"s":{"a":0,"k":[100,100],"ix":3},"r":{"a":0,"k":0,"ix":6},"o":{"a":0,"k":100,"ix":7},"sk":{"a":0,"k":0,"ix":4},"sa":{"a":0,"k":0,"ix":5},"nm":"Transform"}],"nm":"S","np":6,"cix":2,"bm":0,"ix":1,"mn":"ADBE Vector Group","hd":false}],"ip":0,"op":219,"st":0,"bm":0},{"ddd":0,"ind":4,"ty":0,"nm":"Txt PRECOMP_BLUE _SOLID_No Expressions","refId":"comp_4","sr":1,"ks":{"o":{"a":0,"k":100,"ix":11},"r":{"a":0,"k":0,"ix":10},"p":{"s":true,"x":{"a":0,"k":380.625,"ix":3},"y":{"a":1,"k":[{"i":{"x":[0.18],"y":[1]},"o":{"x":[0.82],"y":[0]},"t":0,"s":[621.948]},{"i":{"x":[0.18],"y":[1]},"o":{"x":[0.82],"y":[0]},"t":109,"s":[201.369]},{"t":219,"s":[621.948]}],"ix":4}},"a":{"a":0,"k":[375,375,0],"ix":1},"s":{"a":0,"k":[100,100,100],"ix":6}},"ao":0,"tm":{"a":1,"k":[{"i":{"x":[0.833],"y":[0.833]},"o":{"x":[0.167],"y":[0.167]},"t":213,"s":[0]},{"t":432,"s":[2.833]}],"ix":2},"w":750,"h":750,"ip":213,"op":461,"st":213,"bm":0},{"ddd":0,"ind":5,"ty":0,"nm":"Txt PRECOMP_BLUE _SOLID_No Expressions","refId":"comp_4","sr":1,"ks":{"o":{"a":0,"k":100,"ix":11},"r":{"a":0,"k":0,"ix":10},"p":{"s":true,"x":{"a":0,"k":380.625,"ix":3},"y":{"a":1,"k":[{"i":{"x":[0.18],"y":[1]},"o":{"x":[0.82],"y":[0]},"t":0,"s":[621.948]},{"i":{"x":[0.18],"y":[1]},"o":{"x":[0.82],"y":[0]},"t":109,"s":[201.369]},{"t":219,"s":[621.948]}],"ix":4}},"a":{"a":0,"k":[375,375,0],"ix":1},"s":{"a":0,"k":[100,100,100],"ix":6}},"ao":0,"tm":{"a":1,"k":[{"i":{"x":[0.833],"y":[0.833]},"o":{"x":[0.167],"y":[0.167]},"t":-6,"s":[0]},{"t":213,"s":[2.833]}],"ix":2},"w":750,"h":750,"ip":0,"op":213,"st":-6,"bm":0},{"ddd":0,"ind":6,"ty":0,"nm":"Txt PRECOMP_BLUE _SOLID_No Expressions","refId":"comp_4","sr":1,"ks":{"o":{"a":0,"k":100,"ix":11},"r":{"a":0,"k":0,"ix":10},"p":{"s":true,"x":{"a":0,"k":380.625,"ix":3},"y":{"a":1,"k":[{"i":{"x":[0.18],"y":[1]},"o":{"x":[0.82],"y":[0]},"t":0,"s":[621.948]},{"i":{"x":[0.18],"y":[1]},"o":{"x":[0.82],"y":[0]},"t":109,"s":[201.369]},{"t":219,"s":[621.948]}],"ix":4}},"a":{"a":0,"k":[375,375,0],"ix":1},"s":{"a":0,"k":[100,100,100],"ix":6}},"ao":0,"hasMask":true,"masksProperties":[{"inv":false,"mode":"n","pt":{"a":0,"k":{"i":[[0,0],[0,0],[0,0],[0,0]],"o":[[0,0],[0,0],[0,0],[0,0]],"v":[[721.797,264],[23,264],[23,399.453],[721.797,399.453]],"c":true},"ix":1},"o":{"a":0,"k":100,"ix":3},"x":{"a":0,"k":0,"ix":4},"nm":"Mask 1"}],"tm":{"a":1,"k":[{"i":{"x":[0.833],"y":[0.833]},"o":{"x":[0.167],"y":[0.167]},"t":213,"s":[0]},{"t":432,"s":[2.833]}],"ix":2},"w":750,"h":750,"ip":213,"op":461,"st":213,"bm":0},{"ddd":0,"ind":7,"ty":0,"nm":"Txt PRECOMP_BLUE _SOLID_No Expressions","refId":"comp_4","sr":1,"ks":{"o":{"a":0,"k":100,"ix":11},"r":{"a":0,"k":0,"ix":10},"p":{"s":true,"x":{"a":0,"k":380.625,"ix":3},"y":{"a":1,"k":[{"i":{"x":[0.18],"y":[1]},"o":{"x":[0.82],"y":[0]},"t":0,"s":[621.948]},{"i":{"x":[0.18],"y":[1]},"o":{"x":[0.82],"y":[0]},"t":109,"s":[201.369]},{"t":219,"s":[621.948]}],"ix":4}},"a":{"a":0,"k":[375,375,0],"ix":1},"s":{"a":0,"k":[100,100,100],"ix":6}},"ao":0,"hasMask":true,"masksProperties":[{"inv":false,"mode":"n","pt":{"a":0,"k":{"i":[[0,0],[0,0],[0,0],[0,0]],"o":[[0,0],[0,0],[0,0],[0,0]],"v":[[721.797,264],[23,264],[23,399.453],[721.797,399.453]],"c":true},"ix":1},"o":{"a":0,"k":100,"ix":3},"x":{"a":0,"k":0,"ix":4},"nm":"Mask 1"}],"tm":{"a":1,"k":[{"i":{"x":[0.833],"y":[0.833]},"o":{"x":[0.167],"y":[0.167]},"t":-6,"s":[0]},{"t":213,"s":[2.833]}],"ix":2},"w":750,"h":750,"ip":0,"op":213,"st":-6,"bm":0}]},{"id":"comp_4","layers":[{"ddd":0,"ind":8,"ty":4,"nm":"S Outlines","sr":1,"ks":{"o":{"a":0,"k":100,"ix":11},"r":{"a":0,"k":0,"ix":10},"p":{"s":true,"x":{"a":0,"k":358.25,"ix":3},"y":{"a":1,"k":[{"i":{"x":[0.18],"y":[1]},"o":{"x":[0.85],"y":[0]},"t":0,"s":[364.2]},{"i":{"x":[0.15],"y":[1]},"o":{"x":[0.82],"y":[0]},"t":83,"s":[239.053]},{"i":{"x":[0.15],"y":[1]},"o":{"x":[0.859],"y":[0]},"t":171,"s":[364.2]},{"i":{"x":[0.15],"y":[1]},"o":{"x":[0.85],"y":[0]},"t":259,"s":[239.053]},{"t":342,"s":[364.2]}],"ix":4}},"a":{"a":0,"k":[0,0,0],"ix":1},"s":{"a":1,"k":[{"i":{"x":[0.44,0.44,0.44],"y":[1,1,1]},"o":{"x":[0.796,0.838,0.68],"y":[0,0,0]},"t":14,"s":[100,100,100]},{"i":{"x":[0.44,0.44,0.44],"y":[1,1,1]},"o":{"x":[0.47,0.47,0.47],"y":[0,0,0]},"t":58,"s":[100,135,100]},{"i":{"x":[0.15,0.15,0.15],"y":[1,1,1]},"o":{"x":[0.382,0.391,0.47],"y":[0,0,0]},"t":120,"s":[100,135,100]},{"t":171,"s":[100,100,100]}],"ix":6}},"ao":0,"shapes":[{"ty":"gr","it":[{"ind":0,"ty":"sh","ix":1,"ks":{"a":0,"k":{"i":[[-0.859,-1.649],[-1.42,-1.022],[-1.915,-0.495],[-2.047,0],[-1.584,0.232],[-1.386,0.661],[-0.925,1.156],[0,1.782],[1.22,1.188],[1.98,0.792],[2.507,0.594],[2.574,0.727],[2.507,0.958],[1.98,1.519],[1.22,2.277],[0,3.235],[-1.552,2.673],[-2.509,1.782],[-3.168,0.859],[-3.168,0],[-3.4,-0.824],[-2.641,-1.847],[-1.552,-2.871],[0,-4.091],[0,0],[0.758,1.386],[1.253,0.792],[1.616,0.331],[1.913,0],[1.253,-0.263],[1.022,-0.659],[0.659,-0.99],[0,-1.517],[-0.529,-0.857],[-1.552,-0.725],[-2.74,-0.725],[-4.423,-1.121],[-2.344,-0.693],[-2.311,-1.517],[-1.683,-2.54],[0,-3.96],[1.253,-2.772],[2.475,-2.012],[3.663,-1.121],[4.817,0],[3.663,0.956],[2.804,2.047],[1.649,3.168],[-0.067,4.356],[0,0]],"o":[[0.857,1.651],[1.418,1.024],[1.913,0.495],[1.386,0],[1.584,-0.23],[1.386,-0.659],[0.923,-1.154],[0,-1.913],[-1.222,-1.188],[-1.98,-0.792],[-2.509,-0.594],[-2.641,-0.659],[-2.509,-0.956],[-1.98,-1.517],[-1.222,-2.277],[0,-3.629],[1.55,-2.673],[2.507,-1.782],[3.168,-0.857],[3.695,0],[3.398,0.826],[2.639,1.849],[1.55,2.871],[0,0],[-0.133,-2.111],[-0.76,-1.386],[-1.255,-0.792],[-1.618,-0.329],[-1.255,0],[-1.255,0.265],[-1.024,0.661],[-0.661,0.99],[0,1.386],[0.527,0.859],[1.55,0.727],[2.738,0.727],[1.319,0.265],[2.342,0.693],[2.309,1.519],[1.683,2.542],[0,3.235],[-1.255,2.772],[-2.475,2.014],[-3.663,1.121],[-3.895,0],[-3.663,-0.956],[-2.806,-2.045],[-1.651,-3.168],[0,0],[0,2.376]],"v":[[18.711,-17.424],[22.126,-13.415],[27.126,-11.137],[33.066,-10.395],[37.521,-10.742],[41.976,-12.078],[45.441,-14.801],[46.827,-19.206],[44.995,-23.859],[40.194,-26.829],[33.462,-28.908],[25.839,-30.888],[18.117,-33.314],[11.385,-37.026],[6.583,-42.719],[4.752,-50.985],[7.079,-60.439],[13.167,-67.122],[21.681,-71.082],[31.185,-72.369],[41.827,-71.132],[50.886,-67.122],[57.173,-60.044],[59.499,-49.599],[44.451,-49.599],[43.115,-54.846],[40.095,-58.113],[35.788,-59.796],[30.492,-60.291],[26.73,-59.895],[23.314,-58.509],[20.79,-56.034],[19.8,-52.272],[20.592,-48.906],[23.71,-46.53],[30.146,-44.352],[40.887,-41.58],[46.382,-40.145],[53.361,-36.828],[59.35,-30.74],[61.875,-20.988],[59.994,-11.979],[54.401,-4.801],[45.193,-0.099],[32.472,1.584],[21.137,0.148],[11.434,-4.356],[4.752,-12.177],[2.376,-23.463],[17.424,-23.463]],"c":true},"ix":2},"nm":"S","mn":"ADBE Vector Shape - Group","hd":false},{"ty":"fl","c":{"a":0,"k":[0.9568627450980393,0.2627450980392157,0.21176470588235294,1],"ix":4},"o":{"a":0,"k":100,"ix":5},"r":1,"bm":0,"nm":"Fill 1","mn":"ADBE Vector Graphic - Fill","hd":false},{"ty":"tr","p":{"a":0,"k":[0,0],"ix":2},"a":{"a":0,"k":[0,0],"ix":1},"s":{"a":0,"k":[100,100],"ix":3},"r":{"a":0,"k":0,"ix":6},"o":{"a":0,"k":100,"ix":7},"sk":{"a":0,"k":0,"ix":4},"sa":{"a":0,"k":0,"ix":5},"nm":"Transform"}],"nm":"S","np":3,"cix":2,"bm":0,"ix":1,"mn":"ADBE Vector Group","hd":false}],"ip":0,"op":219,"st":0,"bm":0},{"ddd":0,"ind":10,"ty":4,"nm":"A Outlines","sr":1,"ks":{"o":{"a":0,"k":100,"ix":11},"r":{"a":0,"k":0,"ix":10},"p":{"s":true,"x":{"a":0,"k":422.5,"ix":3},"y":{"a":1,"k":[{"i":{"x":[0.15],"y":[1]},"o":{"x":[0.85],"y":[0]},"t":-169,"s":[364.2]},{"i":{"x":[0.15],"y":[1]},"o":{"x":[0.85],"y":[0]},"t":-81,"s":[239.053]},{"i":{"x":[0.18],"y":[1]},"o":{"x":[0.859],"y":[0]},"t":2,"s":[364.2]},{"i":{"x":[0.15],"y":[1]},"o":{"x":[0.82],"y":[0]},"t":85,"s":[239.053]},{"t":173,"s":[364.2]}],"ix":4}},"a":{"a":0,"k":[0,0,0],"ix":1},"s":{"a":1,"k":[{"i":{"x":[0.44,0.44,0.44],"y":[1,1,1]},"o":{"x":[0.796,0.838,0.68],"y":[0,0,0]},"t":13,"s":[100,100,100]},{"i":{"x":[0.44,0.44,0.44],"y":[1,1,1]},"o":{"x":[0.47,0.47,0.47],"y":[0,0,0]},"t":57,"s":[100,135,100]},{"i":{"x":[0.15,0.15,0.15],"y":[1,1,1]},"o":{"x":[0.382,0.391,0.47],"y":[0,0,0]},"t":119,"s":[100,135,100]},{"t":170,"s":[100,100,100]}],"ix":6}},"ao":0,"shapes":[{"ty":"gr","it":[{"ind":0,"ty":"sh","ix":1,"ks":{"a":0,"k":{"i":[[0,0],[0,0],[0,0],[0,0]],"o":[[0,0],[0,0],[0,0],[0,0]],"v":[[42.966,-27.324],[34.056,-53.262],[33.858,-53.262],[24.651,-27.324]],"c":true},"ix":2},"nm":"A","mn":"ADBE Vector Shape - Group","hd":false},{"ind":1,"ty":"sh","ix":2,"ks":{"a":0,"k":{"i":[[0,0],[0,0],[0,0],[0,0],[0,0],[0,0],[0,0],[0,0]],"o":[[0,0],[0,0],[0,0],[0,0],[0,0],[0,0],[0,0],[0,0]],"v":[[42.075,-70.686],[68.508,0],[52.371,0],[47.025,-15.741],[20.592,-15.741],[15.048,0],[-0.594,0],[26.136,-70.686]],"c":true},"ix":2},"nm":"A","mn":"ADBE Vector Shape - Group","hd":false},{"ty":"mm","mm":1,"nm":"Merge Paths 1","mn":"ADBE Vector Filter - Merge","hd":false},{"ty":"fl","c":{"a":0,"k":[0.9568627450980393,0.2627450980392157,0.21176470588235294,1],"ix":4},"o":{"a":0,"k":100,"ix":5},"r":1,"bm":0,"nm":"Fill 1","mn":"ADBE Vector Graphic - Fill","hd":false},{"ty":"tr","p":{"a":0,"k":[0,0],"ix":2},"a":{"a":0,"k":[0,0],"ix":1},"s":{"a":0,"k":[100,100],"ix":3},"r":{"a":0,"k":0,"ix":6},"o":{"a":0,"k":100,"ix":7},"sk":{"a":0,"k":0,"ix":4},"sa":{"a":0,"k":0,"ix":5},"nm":"Transform"}],"nm":"A","np":5,"cix":2,"bm":0,"ix":1,"mn":"ADBE Vector Group","hd":false}],"ip":-1,"op":221,"st":2,"bm":0},{"ddd":0,"ind":12,"ty":4,"nm":"F Outlines","sr":1,"ks":{"o":{"a":0,"k":100,"ix":11},"r":{"a":0,"k":0,"ix":10},"p":{"s":true,"x":{"a":0,"k":490.314,"ix":3},"y":{"a":1,"k":[{"i":{"x":[0.15],"y":[1]},"o":{"x":[0.85],"y":[0]},"t":-167,"s":[364.2]},{"i":{"x":[0.15],"y":[1]},"o":{"x":[0.85],"y":[0]},"t":-79,"s":[239.053]},{"i":{"x":[0.18],"y":[1]},"o":{"x":[0.859],"y":[0]},"t":4,"s":[364.2]},{"i":{"x":[0.15],"y":[1]},"o":{"x":[0.82],"y":[0]},"t":87,"s":[239.053]},{"t":175,"s":[364.2]}],"ix":4}},"a":{"a":0,"k":[0,0,0],"ix":1},"s":{"a":1,"k":[{"i":{"x":[0.44,0.44,0.44],"y":[1,1,1]},"o":{"x":[0.796,0.838,0.68],"y":[0,0,0]},"t":12,"s":[100,100,100]},{"i":{"x":[0.44,0.44,0.44],"y":[1,1,1]},"o":{"x":[0.47,0.47,0.47],"y":[0,0,0]},"t":56,"s":[100,135,100]},{"i":{"x":[0.15,0.15,0.15],"y":[1,1,1]},"o":{"x":[0.382,0.391,0.47],"y":[0,0,0]},"t":118,"s":[100,135,100]},{"t":169,"s":[100,100,100]}],"ix":6}},"ao":0,"shapes":[{"ty":"gr","it":[{"ind":0,"ty":"sh","ix":1,"ks":{"a":0,"k":{"i":[[0,0],[0,0],[0,0],[0,0],[0,0],[0,0],[0,0],[0,0],[0,0],[0,0]],"o":[[0,0],[0,0],[0,0],[0,0],[0,0],[0,0],[0,0],[0,0],[0,0],[0,0]],"v":[[56.529,-70.686],[56.529,-57.618],[22.374,-57.618],[22.374,-41.283],[51.975,-41.283],[51.975,-29.205],[22.374,-29.205],[22.374,0],[6.831,0],[6.831,-70.686]],"c":true},"ix":2},"nm":"F","mn":"ADBE Vector Shape - Group","hd":false},{"ty":"fl","c":{"a":0,"k":[0.9568627450980393,0.2627450980392157,0.21176470588235294,1],"ix":4},"o":{"a":0,"k":100,"ix":5},"r":1,"bm":0,"nm":"Fill 1","mn":"ADBE Vector Graphic - Fill","hd":false},{"ty":"tr","p":{"a":0,"k":[0,0],"ix":2},"a":{"a":0,"k":[0,0],"ix":1},"s":{"a":0,"k":[100,100],"ix":3},"r":{"a":0,"k":0,"ix":6},"o":{"a":0,"k":100,"ix":7},"sk":{"a":0,"k":0,"ix":4},"sa":{"a":0,"k":0,"ix":5},"nm":"Transform"}],"nm":"F","np":3,"cix":2,"bm":0,"ix":1,"mn":"ADBE Vector Group","hd":false}],"ip":-2,"op":223,"st":4,"bm":0},{"ddd":0,"ind":14,"ty":4,"nm":"E Outlines","sr":1,"ks":{"o":{"a":0,"k":100,"ix":11},"r":{"a":0,"k":0,"ix":10},"p":{"s":true,"x":{"a":0,"k":549.02,"ix":3},"y":{"a":1,"k":[{"i":{"x":[0.15],"y":[1]},"o":{"x":[0.85],"y":[0]},"t":-165,"s":[364.2]},{"i":{"x":[0.15],"y":[1]},"o":{"x":[0.85],"y":[0]},"t":-77,"s":[239.053]},{"i":{"x":[0.18],"y":[1]},"o":{"x":[0.859],"y":[0]},"t":6,"s":[364.2]},{"i":{"x":[0.15],"y":[1]},"o":{"x":[0.82],"y":[0]},"t":89,"s":[239.053]},{"t":177,"s":[364.2]}],"ix":4}},"a":{"a":0,"k":[0,0,0],"ix":1},"s":{"a":1,"k":[{"i":{"x":[0.44,0.44,0.44],"y":[1,1,1]},"o":{"x":[0.796,0.838,0.68],"y":[0,0,0]},"t":11,"s":[100,100,100]},{"i":{"x":[0.44,0.44,0.44],"y":[1,1,1]},"o":{"x":[0.47,0.47,0.47],"y":[0,0,0]},"t":55,"s":[100,135,100]},{"i":{"x":[0.15,0.15,0.15],"y":[1,1,1]},"o":{"x":[0.382,0.391,0.47],"y":[0,0,0]},"t":117,"s":[100,135,100]},{"t":168,"s":[100,100,100]}],"ix":6}},"ao":0,"shapes":[{"ty":"gr","it":[{"ind":0,"ty":"sh","ix":1,"ks":{"a":0,"k":{"i":[[0,0],[0,0],[0,0],[0,0],[0,0],[0,0],[0,0],[0,0],[0,0],[0,0],[0,0],[0,0]],"o":[[0,0],[0,0],[0,0],[0,0],[0,0],[0,0],[0,0],[0,0],[0,0],[0,0],[0,0],[0,0]],"v":[[59.697,-70.686],[59.697,-57.618],[22.374,-57.618],[22.374,-42.471],[56.628,-42.471],[56.628,-30.393],[22.374,-30.393],[22.374,-13.068],[60.489,-13.068],[60.489,0],[6.831,0],[6.831,-70.686]],"c":true},"ix":2},"nm":"E","mn":"ADBE Vector Shape - Group","hd":false},{"ty":"fl","c":{"a":0,"k":[0.9568627450980393,0.2627450980392157,0.21176470588235294,1],"ix":4},"o":{"a":0,"k":100,"ix":5},"r":1,"bm":0,"nm":"Fill 1","mn":"ADBE Vector Graphic - Fill","hd":false},{"ty":"tr","p":{"a":0,"k":[0,0],"ix":2},"a":{"a":0,"k":[0,0],"ix":1},"s":{"a":0,"k":[100,100],"ix":3},"r":{"a":0,"k":0,"ix":6},"o":{"a":0,"k":100,"ix":7},"sk":{"a":0,"k":0,"ix":4},"sa":{"a":0,"k":0,"ix":5},"nm":"Transform"}],"nm":"E","np":3,"cix":2,"bm":0,"ix":1,"mn":"ADBE Vector Group","hd":false}],"ip":-3,"op":225,"st":6,"bm":0}]}],"layers":[{"ddd":0,"ind":3,"ty":0,"nm":"WHITE_TEXT / HOUSE","refId":"comp_0","sr":1,"ks":{"o":{"a":0,"k":100,"ix":11},"r":{"a":0,"k":0,"ix":10},"p":{"a":0,"k":[375,375,0],"ix":2},"a":{"a":0,"k":[375,375,0],"ix":1},"s":{"a":0,"k":[45,45,100],"ix":6}},"ao":0,"hasMask":true,"masksProperties":[{"inv":false,"mode":"a","pt":{"a":1,"k":[{"i":{"x":0.17,"y":1},"o":{"x":0.71,"y":0},"t":36,"s":[{"i":[[0.035,0],[0,0.035],[-0.035,0],[0,-0.035]],"o":[[-0.035,0],[0,-0.035],[0.035,0],[0,0.035]],"v":[[375,375.062],[374.938,375],[375,374.938],[375.062,375]],"c":true}]},{"t":88,"s":[{"i":[[-277.247,0],[0,-277.247],[277.247,0],[0,277.247]],"o":[[277.247,0],[0,277.247],[-277.247,0],[0,-277.247]],"v":[[375,-127],[877,375],[375,877],[-127,375]],"c":true}]}],"ix":1},"o":{"a":0,"k":100,"ix":3},"x":{"a":0,"k":0,"ix":4},"nm":"Mask 2"},{"inv":false,"mode":"s","pt":{"a":1,"k":[{"i":{"x":0.17,"y":1},"o":{"x":0.71,"y":0},"t":137,"s":[{"i":[[0.035,0],[0,0.035],[-0.035,0],[0,-0.035]],"o":[[-0.035,0],[0,-0.035],[0.035,0],[0,0.035]],"v":[[375,375.062],[374.938,375],[375,374.938],[375.062,375]],"c":true}]},{"t":195,"s":[{"i":[[-277.247,0],[0,-277.247],[277.247,0],[0,277.247]],"o":[[277.247,0],[0,277.247],[-277.247,0],[0,-277.247]],"v":[[375,-127],[877,375],[375,877],[-127,375]],"c":true}]}],"ix":1},"o":{"a":0,"k":100,"ix":3},"x":{"a":0,"k":0,"ix":4},"nm":"Mask 1"}],"w":750,"h":750,"ip":0,"op":219,"st":0,"bm":0},{"ddd":0,"ind":4,"ty":0,"nm":"BLUE_TEXT / HEART","refId":"comp_3","sr":1,"ks":{"o":{"a":0,"k":100,"ix":11},"r":{"a":0,"k":0,"ix":10},"p":{"a":0,"k":[375,375,0],"ix":2},"a":{"a":0,"k":[375,375,0],"ix":1},"s":{"a":0,"k":[45,45,100],"ix":6}},"ao":0,"hasMask":true,"masksProperties":[{"inv":false,"mode":"s","pt":{"a":1,"k":[{"i":{"x":0.17,"y":1},"o":{"x":0.71,"y":0},"t":36,"s":[{"i":[[0.035,0],[0,0.035],[-0.035,0],[0,-0.035]],"o":[[-0.035,0],[0,-0.035],[0.035,0],[0,0.035]],"v":[[375,375.062],[374.938,375],[375,374.938],[375.062,375]],"c":true}]},{"t":88,"s":[{"i":[[-277.247,0],[0,-277.247],[277.247,0],[0,277.247]],"o":[[277.247,0],[0,277.247],[-277.247,0],[0,-277.247]],"v":[[375,-127],[877,375],[375,877],[-127,375]],"c":true}]}],"ix":1},"o":{"a":0,"k":100,"ix":3},"x":{"a":0,"k":0,"ix":4},"nm":"Mask 1"},{"inv":false,"mode":"a","pt":{"a":1,"k":[{"i":{"x":0.17,"y":1},"o":{"x":0.71,"y":0},"t":137,"s":[{"i":[[0.035,0],[0,0.035],[-0.035,0],[0,-0.035]],"o":[[-0.035,0],[0,-0.035],[0.035,0],[0,0.035]],"v":[[375,375.062],[374.938,375],[375,374.938],[375.062,375]],"c":true}]},{"t":195,"s":[{"i":[[-277.247,0],[0,-277.247],[277.247,0],[0,277.247]],"o":[[277.247,0],[0,277.247],[-277.247,0],[0,-277.247]],"v":[[375,-127],[877,375],[375,877],[-127,375]],"c":true}]}],"ix":1},"o":{"a":0,"k":100,"ix":3},"x":{"a":0,"k":0,"ix":4},"nm":"Mask 2"}],"w":750,"h":750,"ip":0,"op":219,"st":0,"bm":0},{"ddd":0,"ind":5,"ty":4,"nm":"White Circle","sr":1,"ks":{"o":{"a":0,"k":100,"ix":11},"r":{"a":0,"k":0,"ix":10},"p":{"a":0,"k":[375,375,0],"ix":2},"a":{"a":0,"k":[0,0,0],"ix":1},"s":{"a":1,"k":[{"i":{"x":[0.17,0.17,0.17],"y":[1,1,1]},"o":{"x":[0.71,0.71,0.71],"y":[0,0,0]},"t":137,"s":[0,0,100]},{"t":195,"s":[60.21,60.21,100]}],"ix":6}},"ao":0,"shapes":[{"ty":"gr","it":[{"d":1,"ty":"el","s":{"a":0,"k":[750,750],"ix":2},"p":{"a":0,"k":[0,0],"ix":3},"nm":"Ellipse Path 1","mn":"ADBE Vector Shape - Ellipse","hd":false},{"ty":"fl","c":{"a":0,"k":[1,1,1,1],"ix":4},"o":{"a":0,"k":100,"ix":5},"r":1,"bm":0,"nm":"Fill 1","mn":"ADBE Vector Graphic - Fill","hd":false},{"ty":"tr","p":{"a":0,"k":[0,0],"ix":2},"a":{"a":0,"k":[0,0],"ix":1},"s":{"a":0,"k":[100,100],"ix":3},"r":{"a":0,"k":0,"ix":6},"o":{"a":0,"k":100,"ix":7},"sk":{"a":0,"k":0,"ix":4},"sa":{"a":0,"k":0,"ix":5},"nm":"Transform"}],"nm":"Ellipse 1","np":2,"cix":2,"bm":0,"ix":1,"mn":"ADBE Vector Group","hd":false}],"ip":124,"op":225,"st":92,"bm":0},{"ddd":0,"ind":6,"ty":4,"nm":"Blue Circle 2","sr":1,"ks":{"o":{"a":1,"k":[{"i":{"x":[0.833],"y":[0.833]},"o":{"x":[0.167],"y":[0.167]},"t":188,"s":[100]},{"t":195,"s":[0]}],"ix":11},"r":{"a":0,"k":0,"ix":10},"p":{"a":0,"k":[375,375,0],"ix":2},"a":{"a":0,"k":[0,0,0],"ix":1},"s":{"a":1,"k":[{"i":{"x":[0.17,0.17,0.17],"y":[1,1,1]},"o":{"x":[0.71,0.71,0.71],"y":[0,0,0]},"t":36,"s":[0,0,100]},{"t":88,"s":[60.21,60.21,100]}],"ix":6}},"ao":0,"shapes":[{"ty":"gr","it":[{"d":1,"ty":"el","s":{"a":0,"k":[750,750],"ix":2},"p":{"a":0,"k":[0,0],"ix":3},"nm":"Ellipse Path 1","mn":"ADBE Vector Shape - Ellipse","hd":false},{"ty":"fl","c":{"a":0,"k":[0.9568627450980393,0.2627450980392157,0.21176470588235294,1],"ix":4},"o":{"a":0,"k":100,"ix":5},"r":1,"bm":0,"nm":"Fill 1","mn":"ADBE Vector Graphic - Fill","hd":false},{"ty":"tr","p":{"a":0,"k":[0,0],"ix":2},"a":{"a":0,"k":[0,0],"ix":1},"s":{"a":0,"k":[100,100],"ix":3},"r":{"a":0,"k":0,"ix":6},"o":{"a":0,"k":100,"ix":7},"sk":{"a":0,"k":0,"ix":4},"sa":{"a":0,"k":0,"ix":5},"nm":"Transform"}],"nm":"Ellipse 1","np":2,"cix":2,"bm":0,"ix":1,"mn":"ADBE Vector Group","hd":false}],"ip":0,"op":225,"st":-4,"bm":0},{"ddd":0,"ind":7,"ty":4,"nm":"White Circle ","sr":1,"ks":{"o":{"a":1,"k":[{"i":{"x":[0.833],"y":[0.833]},"o":{"x":[0.167],"y":[0.167]},"t":83,"s":[100]},{"t":87,"s":[0]}],"ix":11},"r":{"a":0,"k":0,"ix":10},"p":{"a":0,"k":[375,375,0],"ix":2},"a":{"a":0,"k":[0,0,0],"ix":1},"s":{"a":0,"k":[60.21,60.21,100],"ix":6}},"ao":0,"shapes":[{"ty":"gr","it":[{"d":1,"ty":"el","s":{"a":0,"k":[750,750],"ix":2},"p":{"a":0,"k":[0,0],"ix":3},"nm":"Ellipse Path 1","mn":"ADBE Vector Shape - Ellipse","hd":false},{"ty":"fl","c":{"a":0,"k":[1,1,1,1],"ix":4},"o":{"a":0,"k":100,"ix":5},"r":1,"bm":0,"nm":"Fill 1","mn":"ADBE Vector Graphic - Fill","hd":false},{"ty":"tr","p":{"a":0,"k":[0,0],"ix":2},"a":{"a":0,"k":[0,0],"ix":1},"s":{"a":0,"k":[100,100],"ix":3},"r":{"a":0,"k":0,"ix":6},"o":{"a":0,"k":100,"ix":7},"sk":{"a":0,"k":0,"ix":4},"sa":{"a":0,"k":0,"ix":5},"nm":"Transform"}],"nm":"Ellipse 1","np":2,"cix":2,"bm":0,"ix":1,"mn":"ADBE Vector Group","hd":false}],"ip":0,"op":225,"st":-181,"bm":0},{"ddd":0,"ind":8,"ty":4,"nm":"Shadow","sr":1,"ks":{"o":{"a":0,"k":100,"ix":11},"r":{"a":0,"k":0,"ix":10},"p":{"a":0,"k":[375,375,0],"ix":2},"a":{"a":0,"k":[0,0,0],"ix":1},"s":{"a":0,"k":[60.21,60.21,100],"ix":6}},"ao":0,"ef":[{"ty":25,"nm":"Drop Shadow","np":9,"mn":"ADBE Drop Shadow","ix":1,"en":1,"ef":[{"ty":2,"nm":"Shadow Color","mn":"ADBE Drop Shadow-0001","ix":1,"v":{"a":0,"k":[0,0,0,1],"ix":1}},{"ty":0,"nm":"Opacity","mn":"ADBE Drop Shadow-0002","ix":2,"v":{"a":0,"k":51,"ix":2}},{"ty":0,"nm":"Direction","mn":"ADBE Drop Shadow-0003","ix":3,"v":{"a":0,"k":135,"ix":3}},{"ty":0,"nm":"Distance","mn":"ADBE Drop Shadow-0004","ix":4,"v":{"a":0,"k":23,"ix":4}},{"ty":0,"nm":"Softness","mn":"ADBE Drop Shadow-0005","ix":5,"v":{"a":0,"k":120,"ix":5}},{"ty":7,"nm":"Shadow Only","mn":"ADBE Drop Shadow-0006","ix":6,"v":{"a":0,"k":0,"ix":6}},{"ty":7,"nm":"GPU Rendering","mn":"ADBE Force CPU GPU","ix":7,"v":{"a":0,"k":1,"ix":7}}]}],"shapes":[{"ty":"gr","it":[{"d":1,"ty":"el","s":{"a":0,"k":[750,750],"ix":2},"p":{"a":0,"k":[0,0],"ix":3},"nm":"Ellipse Path 1","mn":"ADBE Vector Shape - Ellipse","hd":false},{"ty":"fl","c":{"a":0,"k":[1,1,1,1],"ix":4},"o":{"a":0,"k":100,"ix":5},"r":1,"bm":0,"nm":"Fill 1","mn":"ADBE Vector Graphic - Fill","hd":false},{"ty":"tr","p":{"a":0,"k":[0,0],"ix":2},"a":{"a":0,"k":[0,0],"ix":1},"s":{"a":0,"k":[100,100],"ix":3},"r":{"a":0,"k":0,"ix":6},"o":{"a":0,"k":100,"ix":7},"sk":{"a":0,"k":0,"ix":4},"sa":{"a":0,"k":0,"ix":5},"nm":"Transform"}],"nm":"Ellipse 1","np":2,"cix":2,"bm":0,"ix":1,"mn":"ADBE Vector Group","hd":false},{"ty":"gr","it":[{"ty":"rc","d":1,"s":{"a":0,"k":[1424,1424],"ix":2},"p":{"a":0,"k":[0,0],"ix":3},"r":{"a":0,"k":0,"ix":4},"nm":"Rectangle Path 1","mn":"ADBE Vector Shape - Rect","hd":false},{"ty":"fl","c":{"a":0,"k":[1,1,1,1],"ix":4},"o":{"a":0,"k":0,"ix":5},"r":1,"bm":0,"nm":"Fill 1","mn":"ADBE Vector Graphic - Fill","hd":false},{"ty":"tr","p":{"a":0,"k":[0,0],"ix":2},"a":{"a":0,"k":[0,0],"ix":1},"s":{"a":0,"k":[100,100],"ix":3},"r":{"a":0,"k":0,"ix":6},"o":{"a":0,"k":100,"ix":7},"sk":{"a":0,"k":0,"ix":4},"sa":{"a":0,"k":0,"ix":5},"nm":"Transform"}],"nm":"Group 1","np":2,"cix":2,"bm":0,"ix":2,"mn":"ADBE Vector Group","hd":false}],"ip":0,"op":225,"st":-181,"bm":0}],"markers":[{"tm":109,"cm":"1","dr":0}]}